Datum;Konto;Typ av transaktion;Värdepapper/beskrivning;Antal;Kurs;Belopp;Transaktionsvaluta;Courtage;Valutakurs;Instrumentvaluta;ISIN;Resultat
2025-08-07;Utdelningsportföljen;Uttag;Uttag till 6000355308118;;;-210000;SEK;;1;;;
2025-08-07;Utdelningsportföljen;Insättning;Överföring från Avanzakonto 7288898;;;25000;SEK;;1;;;
2025-08-07;Fonder;Uttag;Överföring till Avanzakonto 3028640;;;-25000;SEK;;1;;;
2025-08-04;Utdelningsportföljen;Utdelning;Telia Company;1188;0,5;594;SEK;;;SEK;SE0000667925;
2025-08-04;Utdelningsportföljen;Utländsk källskatt;Utdelning T.N 0.2775 USD/aktie 15%;200;;-80,22;SEK;;1;;US00206R1023;
2025-08-04;Utdelningsportföljen;Utdelning;AT&T;200;0,2775;534,81;SEK;;1;USD;US00206R1023;
2025-07-01;Fonder;Köp;Avanza Zero;59,2627;421,85;-24999,97;SEK;0;;SEK;SE0001718388;
2025-06-27;Fonder;Insättning;Överföring från Avanzakonto 3028640;;;50000;SEK;;1;;;
2025-06-27;Utdelningsportföljen;Uttag;Överföring till Avanzakonto 7288898;;;-50000;SEK;;1;;;
2025-06-25;Oscars Portfölj;Köp;Avanza Zero;26,5117;414,91;-10999,97;SEK;0;;SEK;SE0001718388;
2025-05-20;Utdelningsportföljen;Insättning;Direktinsättning från Handelsbanken;;;50000;SEK;;1;;;
2025-05-19;Utdelningsportföljen;Utdelning;Tele2 B;300;3,2;960;SEK;;;SEK;SE0005190238;
2025-05-12;Utdelningsportföljen;Utdelning;Peab B;400;1,5;600;SEK;;;SEK;SE0000106205;
2025-05-08;Oscars Portfölj;Insättning;Direktinsättning via Swish;;;6600;SEK;;;;;
2025-05-05;Utdelningsportföljen;Utdelning;Softronic B;1876;1,35;2532,6;SEK;;;SEK;SE0000323305;
2025-05-02;Utdelningsportföljen;Utländsk källskatt;Utdelning T.N 0.2775 USD/aktie 15%;200;;-79,81;SEK;;1;;US00206R1023;
2025-05-02;Utdelningsportföljen;Utdelning;AT&T;200;0,2775;532,07;SEK;;1;USD;US00206R1023;
2025-04-15;Utdelningsportföljen;Utdelning;Telia Company;1188;0,5;594;SEK;;;SEK;SE0000667925;
2025-04-08;Utdelningsportföljen;Köp;Brinova Fastigheter B;2369;16,396834;-38902,37;SEK;58,27;;SEK;SE0008347652;
2025-04-01;Utdelningsportföljen;Utdelning;Handelsbanken B;207;15;3105;SEK;;;SEK;SE0007100607;
2025-04-01;Utdelningsportföljen;Utdelning;Swedbank A;305;21,7;6618,5;SEK;;;SEK;SE0000242455;
2025-04-01;Utdelningsportföljen;Utländsk källskatt;Utdelning NDA SE 10.15012 SEK/aktie [0,94 EUR] 35%;1160;;-4120,95;SEK;;;;FI4000297767;
2025-04-01;Utdelningsportföljen;Utdelning;Nordea Bank;1160;10,15012;11774,14;SEK;;;SEK;FI4000297767;
2025-02-11;Utdelningsportföljen;Utdelning;Telia Company;1188;0,5;594;SEK;;;SEK;SE0000667925;
2025-02-04;Utdelningsportföljen;Utländsk källskatt;Utdelning T.N 0.2775 USD/aktie 15%;200;;-91,18;SEK;;1;;US00206R1023;
2025-02-04;Utdelningsportföljen;Utdelning;AT&T;200;0,2775;607,84;SEK;;1;USD;US00206R1023;
2024-11-13;Utdelningsportföljen;Insättning;Direktinsättning från Handelsbanken;;;50000;SEK;;;;;
2024-11-12;Utdelningsportföljen;Insättning;Direktinsättning från Handelsbanken;;;50000;SEK;;;;;
2024-11-04;Utdelningsportföljen;Utdelning;Telia Company;1188;0,5;594;SEK;;;SEK;SE0000667925;
2024-11-04;Utdelningsportföljen;Utländsk källskatt;Utdelning T.N 0.2775 USD/aktie 15%;200;;-88,73;SEK;;1;;US00206R1023;
2024-11-04;Utdelningsportföljen;Utdelning;AT&T;200;0,2775;591,52;SEK;;1;USD;US00206R1023;
2024-11-04;Oscars Portfölj;Insättning;Direktinsättning från Handelsbanken;;;4500;SEK;;;;;
2024-10-17;Utdelningsportföljen;Utdelning;Tele2 B;300;3,45;1035;SEK;;;SEK;SE0005190238;
2024-08-16;Oscars Portfölj;Köp;Avanza Zero;9,6583;414,15;-3999,98;SEK;0;;SEK;SE0001718388;
2024-08-12;Oscars Portfölj;Insättning;Direktinsättning via Swish;;;1000;SEK;;;;;
2024-08-05;Utdelningsportföljen;Utdelning;Telia Company;1188;0,5;594;SEK;;;SEK;SE0000667925;
2024-08-02;Utdelningsportföljen;Utländsk källskatt;Utdelning T.N 0.2775 USD/aktie 15%;200;;-87,99;SEK;;1;;US00206R1023;
2024-08-02;Utdelningsportföljen;Utdelning;AT&T;200;0,2775;586,58;SEK;;1;USD;US00206R1023;
2024-07-25;Oscars Portfölj;Insättning;Överföring från Avanzakonto 3028640;;;2500;SEK;;;;;
2024-07-25;Utdelningsportföljen;Uttag;Överföring till Avanzakonto 9907494;;;-2500;SEK;;;;;
2024-07-01;Utdelningsportföljen;Utdelning;SBB Norden D;4000;2;8000;SEK;;;SEK;SE0011844091;
2024-05-31;Utdelningsportföljen;Ränta;;;;8,8;SEK;;;;;
2024-05-21;Utdelningsportföljen;Utdelning;Tele2 B;300;3,45;1035;SEK;;;SEK;SE0005190238;
2024-05-13;Utdelningsportföljen;Utdelning;Peab B;400;1,5;600;SEK;;;SEK;SE0000106205;
2024-05-02;Utdelningsportföljen;Utländsk källskatt;Utdelning T.N 0.2775 USD/aktie 15%;200;;-90,85;SEK;;1;;US00206R1023;
2024-05-02;Utdelningsportföljen;Utdelning;AT&T;200;0,2775;605,67;SEK;;1;USD;US00206R1023;
2024-05-01;Utdelningsportföljen;Utdelning;Softronic B;1876;1,35;2532,6;SEK;;;SEK;SE0000323305;
2024-04-30;Utdelningsportföljen;Ränta;;;;17,85;SEK;;;;;
2024-04-16;Utdelningsportföljen;Utdelning;Telia Company;1188;0,5;594;SEK;;;SEK;SE0000667925;
2024-04-08;Utdelningsportföljen;Utländsk källskatt;Utdelning NDA SE 10.6067 SEK/aktie [0,92 EUR] 35%;1160;;-4306,31;SEK;;;;FI4000297767;
2024-04-08;Utdelningsportföljen;Utdelning;Nordea Bank;1160;10,60668;12303,75;SEK;;;SEK;FI4000297767;
2024-04-03;Utdelningsportföljen;Utdelning;Swedbank A;305;15,15;4620,75;SEK;;;SEK;SE0000242455;
2024-03-29;Utdelningsportföljen;Ränta;;;;15,08;SEK;;;;;
2024-03-29;Oscars Portfölj;Insättning;Direktinsättning via Swish;;;500;SEK;;;;;
2024-03-26;Utdelningsportföljen;Utdelning;Handelsbanken B;207;13;2691;SEK;;;SEK;SE0007100607;
2024-02-29;Utdelningsportföljen;Ränta;;;;16,31;SEK;;;;;
2024-02-29;Oscars Portfölj;Ränta;;;;0,14;SEK;;;;;
2024-02-22;Oscars Portfölj;Köp;Avanza Zero;7,7635;386,42;-2999,97;SEK;0;;SEK;SE0001718388;
2024-02-14;Oscars Portfölj;Insättning;Överföring från Avanzakonto 4007528;;;3000;SEK;;;;;
2024-02-14;Huvudkontot;Uttag;Överföring till Avanzakonto 9907494;;;-3000;SEK;;;;;
2024-02-14;Huvudkontot;Insättning;Överföring från Avanzakonto 3028640;;;3000;SEK;;;;;
2024-02-14;Utdelningsportföljen;Uttag;Överföring till Avanzakonto 4007528;;;-3000;SEK;;;;;
2024-02-07;Utdelningsportföljen;Utdelning;Telia Company;1188;0,5;594;SEK;;;SEK;SE0000667925;
2024-02-07;Utdelningsportföljen;Köp;Brinova Fastigheter B;1131;17,930416;-20318;SEK;39;;SEK;SE0008347652;
2024-02-02;Utdelningsportföljen;Utländsk källskatt;Utdelning T.N 0.2775 USD/aktie 15%;200;;-87;SEK;;1;;US00206R1023;
2024-02-02;Utdelningsportföljen;Utdelning;AT&T;200;0,2775;579,98;SEK;;1;USD;US00206R1023;
2024-01-31;Utdelningsportföljen;Ränta;;;;19,5;SEK;;;;;
2023-12-29;Utdelningsportföljen;Ränta;;;;19,5;SEK;;;;;
2023-11-30;Utdelningsportföljen;Ränta;;;;19,5;SEK;;;;;
2023-11-02;Utdelningsportföljen;Utländsk källskatt;Utdelning T.N 0.2775 USD/aktie;200;;-92,49;SEK;;1;;US00206R1023;
2023-11-02;Utdelningsportföljen;Utdelning;AT&T;200;0,2775;616,6;SEK;;1;USD;US00206R1023;
2023-10-31;Utdelningsportföljen;Ränta;;;;19,2;SEK;;;;;
2023-10-30;Utdelningsportföljen;Utdelning;Telia Company;1188;0,5;594;SEK;;;SEK;SE0000667925;
2023-10-12;Utdelningsportföljen;Utdelning;Tele2 B;300;3,4;1020;SEK;;;SEK;SE0005190238;
2023-09-29;Utdelningsportföljen;Ränta;;;;19,2;SEK;;;;;
2023-08-31;Utdelningsportföljen;Ränta;;;;18,9;SEK;;;;;
2023-08-02;Utdelningsportföljen;Utdelning;Telia Company;1188;0,5;594;SEK;;;SEK;SE0000667925;
2023-08-02;Utdelningsportföljen;Utländsk källskatt;Utdelning T.N 0.2775 USD/aktie;200;;-88,63;SEK;;1;;US00206R1023;
2023-08-02;Utdelningsportföljen;Utdelning;AT&T;200;0,2775;590,85;SEK;;1;USD;US00206R1023;
2023-07-31;Utdelningsportföljen;Ränta;;;;18,9;SEK;;;;;
2023-06-30;Utdelningsportföljen;Ränta;;;;18,9;SEK;;;;;
2023-05-31;Utdelningsportföljen;Ränta;;;;18,57;SEK;;;;;
2023-05-22;Utdelningsportföljen;Utdelning;Tele2 B;300;3,4;1020;SEK;;;SEK;SE0005190238;
2023-05-10;Utdelningsportföljen;Utdelning;Peab B;400;4;1600;SEK;;;SEK;SE0000106205;
2023-05-02;Utdelningsportföljen;Utländsk källskatt;Utdelning T.N 0.2775 USD/aktie;200;;-85,69;SEK;;1;;US00206R1023;
2023-05-02;Utdelningsportföljen;Utdelning;AT&T;200;0,2775;571,24;SEK;;1;USD;US00206R1023;
2023-05-01;Utdelningsportföljen;Utdelning;Softronic B;1876;1;1876;SEK;;;SEK;SE0000323305;
2023-04-28;Utdelningsportföljen;Ränta;;;;17,31;SEK;;;;;
2023-04-13;Utdelningsportföljen;Utdelning;Telia Company;1188;0,5;594;SEK;;;SEK;SE0000667925;
2023-04-05;Utdelningsportföljen;Utdelning;Swedbank A;305;9,75;2973,75;SEK;;;SEK;SE0000242455;
2023-04-05;Utdelningsportföljen;Utländsk källskatt;Utdelning NDA SE 9.00696 SEK/aktie;1160;;-3656,82;SEK;;;;FI4000297767;
2023-04-05;Utdelningsportföljen;Utdelning;Nordea Bank;1160;9,00696;10448,07;SEK;;;SEK;FI4000297767;
2023-04-04;Utdelningsportföljen;Utdelning;SBB Norden D;4000;0,5;2000;SEK;;;SEK;SE0011844091;
2023-03-31;Utdelningsportföljen;Ränta;;;;14,74;SEK;;;;;
2023-03-28;Utdelningsportföljen;Utdelning;Handelsbanken B;207;8;1656;SEK;;;SEK;SE0007100607;
2023-02-28;Utdelningsportföljen;Ränta;;;;16,24;SEK;;;;;
2023-02-23;Utdelningsportföljen;Uttag;Uttag till 6000355308118;;;-10000;SEK;;;;;
2023-02-02;Utdelningsportföljen;Utländsk källskatt;Utdelning T.N 0.2775 USD/aktie;200;;-85,71;SEK;;1;;US00206R1023;
2023-02-02;Utdelningsportföljen;Utdelning;AT&T;200;0,2775;571,42;SEK;;1;USD;US00206R1023;
2023-02-01;Utdelningsportföljen;Insättning;Direktinsättning från Handelsbanken;;;50000;SEK;;;;;
2023-01-31;Utdelningsportföljen;Ränta;;;;6,27;SEK;;;;;
2023-01-03;Utdelningsportföljen;Utdelning;SBB Norden D;4000;0,5;2000;SEK;;;SEK;SE0011844091;
2022-11-21;Utdelningsportföljen;Köp;Tele2 B;300;95,18;-28597;SEK;43;;SEK;SE0005190238;
2022-11-02;Utdelningsportföljen;Utländsk källskatt;Utdelning T.N 0.2775 USD/aktie;200;;-91,53;SEK;;1;;US00206R1023;
2022-11-02;Utdelningsportföljen;Utdelning;AT&T;200;0,2775;610,18;SEK;;1;USD;US00206R1023;
2022-10-31;Utdelningsportföljen;Utdelning;Telia Company;1188;1,05;1247,4;SEK;;;SEK;SE0000667925;
2022-10-04;Utdelningsportföljen;Utdelning;SBB Norden D;4000;0,5;2000;SEK;;;SEK;SE0011844091;
2022-08-22;Utdelningsportföljen;Övrigt;Warner Bros. Discovery A;;13,076959;53,4;SEK;;;USD;US9344231041;
2022-08-22;Utdelningsportföljen;Övrigt;Warner Bros. Discovery A;-0,3834;13,076959;;;;;USD;US9344231041;53,359321
2022-08-22;Utdelningsportföljen;Övrigt;Warner Bros. Discovery A;0,3834;;;;;;;US9344231041;
2022-08-17;Utdelningsportföljen;Sälj;Realty Income REIT;-59;73,43;44839,04;SEK;62,18;10,364125;USD;US7561091049;15262,345652
2022-08-16;Utdelningsportföljen;Utländsk källskatt;Utdelning O.N 0.2475 USD/aktie;59;;-22,71;SEK;;;;US7561091049;
2022-08-16;Utdelningsportföljen;Utdelning;Realty Income REIT;59;0,2475;151,42;SEK;;;USD;US7561091049;
2022-08-02;Utdelningsportföljen;Utländsk källskatt;Utdelning T.N 0.2775 USD/aktie;200;;-84,49;SEK;;;;US00206R1023;
2022-08-02;Utdelningsportföljen;Utdelning;AT&T;200;0,2775;563,25;SEK;;;USD;US00206R1023;
2022-07-25;Utdelningsportföljen;Köp;Peab B;400;68,338;-27376;SEK;41;;SEK;SE0000106205;
2022-07-22;Utdelningsportföljen;Insättning;Direktinsättning från Handelsbanken;;;20000;SEK;;;;;
2022-07-18;Utdelningsportföljen;Utländsk källskatt;Utdelning O.N 0.2475 USD/aktie;59;;-22,74;SEK;;;;US7561091049;
2022-07-18;Utdelningsportföljen;Utdelning;Realty Income REIT;59;0,2475;151,61;SEK;;;USD;US7561091049;
2022-07-04;Utdelningsportföljen;Utdelning;SBB Norden D;4000;0,5;2000;SEK;;;SEK;SE0011844091;
2022-06-27;Utdelningsportföljen;Köp;SBB Norden D;2000;17,609925;-35273;SEK;53;;SEK;SE0011844091;
2022-06-16;Utdelningsportföljen;Utländsk källskatt;Utdelning O.N 0.247 USD/aktie;59;;-22,42;SEK;;;;US7561091049;
2022-06-16;Utdelningsportföljen;Utdelning;Realty Income REIT;59;0,247;149,49;SEK;;;USD;US7561091049;
2022-06-15;Utdelningsportföljen;Sälj;Warner Bros. Discovery A;-48;14,32;6910,92;SEK;60,86;10,142829;USD;US9344231041;-4241,441761
2022-06-15;Utdelningsportföljen;Sälj;Orion Properties;-5;11,6501;529,96;SEK;60,86;10,142829;USD;US68629Y1038;-369,067165
2022-06-15;Utdelningsportföljen;Sälj;Industrivärden A;-3;239,9;681;SEK;39;;SEK;SE0000190126;-154,2
2022-05-17;Utdelningsportföljen;Utdelning;Softronic B;1876;1,35;2532,6;SEK;;;SEK;SE0000323305;
2022-05-16;Utdelningsportföljen;Utländsk källskatt;Utdelning O.N 0.247 USD/aktie;59;;-21,98;SEK;;;;US7561091049;
2022-05-16;Utdelningsportföljen;Utdelning;Realty Income REIT;59;0,247;146,54;SEK;;;USD;US7561091049;
2022-05-03;Utdelningsportföljen;Utländsk källskatt;Utdelning T.N 0.2775 USD/aktie;200;;-82,09;SEK;;;;US00206R1023;
2022-05-03;Utdelningsportföljen;Utdelning;AT&T;200;0,2775;547,25;SEK;;;USD;US00206R1023;
2022-05-02;Utdelningsportföljen;Köp;SBB Norden D;1000;26,06;-26099;SEK;39;;SEK;SE0011844091;
2022-04-27;Utdelningsportföljen;Utdelning;Industrivärden A;3;6,75;20,25;SEK;;;SEK;SE0000190126;
2022-04-18;Utdelningsportföljen;Utländsk källskatt;Utdelning O.N 0.246999 USD/aktie;59;;-20,89;SEK;;;;US7561091049;
2022-04-18;Utdelningsportföljen;Utdelning;Realty Income REIT;59;0,246999;139,26;SEK;;;USD;US7561091049;
2022-04-18;Utdelningsportföljen;Utdelning;Orion Properties;5;0,1;4,78;SEK;;;USD;US68629Y1038;
2022-04-14;Utdelningsportföljen;Värdepappersöverföring;VP-utd från AT&T WARNER BROS DISCOVERY INC;48;232,340833;;;0;0;SEK;US9344231041;
2022-04-12;Utdelningsportföljen;Utdelning;Telia Company;1188;1;1188;SEK;0;;SEK;SE0000667925;
2022-04-06;Utdelningsportföljen;Utländsk källskatt;Utländsk källskatt NORDEA BANK SE;1160;;-2885,49;SEK;0;;;FI4000297767;
2022-04-06;Utdelningsportföljen;Utdelning;Nordea Bank;1160;7,107138;8244,28;SEK;0;;SEK;FI4000297767;
2022-04-05;Utdelningsportföljen;Utdelning;Swedbank A;305;11,25;3431,25;SEK;0;;SEK;SE0000242455;
2022-04-04;Utdelningsportföljen;Utdelning;SBB Norden D;1000;0,5;500;SEK;0;;SEK;SE0011844091;
2022-03-29;Utdelningsportföljen;Utdelning;Handelsbanken B;207;5;1035;SEK;0;;SEK;SE0007100607;
2022-03-16;Utdelningsportföljen;Utländsk källskatt;Utländsk källskatt REALTY INCOME CORP;59;;-20,63;SEK;0;0;;US7561091049;
2022-03-16;Utdelningsportföljen;Utdelning;Realty Income REIT;59;2,331592;137,56;SEK;0;0;SEK;US7561091049;
2022-03-02;Utdelningsportföljen;Utländsk källskatt;Utländsk källskatt REALTY INCOME CORP;59;;-166,01;SEK;0;0;;US7561091049;
2022-03-02;Utdelningsportföljen;Utländsk källskatt;Utländsk källskatt REALTY INCOME CORP;59;;218,79;SEK;0;0;;US7561091049;
2022-02-16;Utdelningsportföljen;Utländsk källskatt;Utländsk källskatt REALTY INCOME CORP;59;;-20,22;SEK;0;0;;US7561091049;
2022-02-16;Utdelningsportföljen;Utdelning;Realty Income REIT;59;2,284844;134,8;SEK;0;0;SEK;US7561091049;
2022-02-03;Utdelningsportföljen;Utländsk källskatt;Utländsk källskatt AT&T INC;200;;-141,75;SEK;0;0;;US00206R1023;
2022-02-03;Utdelningsportföljen;Utdelning;AT&T;200;4,725124;945,02;SEK;0;0;SEK;US00206R1023;
2022-01-17;Utdelningsportföljen;Utländsk källskatt;Utländsk källskatt REALTY INCOME CORP;59;;-19,63;SEK;0;0;;US7561091049;
2022-01-17;Utdelningsportföljen;Utdelning;Realty Income REIT;59;2,218379;130,88;SEK;0;0;SEK;US7561091049;
2022-01-10;Utdelningsportföljen;Insättning;Direktinsättning från Handelsbanken;;;30000;SEK;0;;;;
2022-01-04;Utdelningsportföljen;Utdelning;SBB Norden D;1000;0,5;500;SEK;0;;SEK;SE0011844091;
2021-12-16;Utdelningsportföljen;Utländsk källskatt;Utländsk källskatt REALTY INCOME CORP;59;;-19,58;SEK;0;0;;US7561091049;
2021-12-16;Utdelningsportföljen;Utdelning;Realty Income REIT;59;2,213348;130,58;SEK;0;0;SEK;US7561091049;
2021-11-25;Utdelningsportföljen;Utländsk källskatt;Utländsk källskatt REALTY INCOME CORP;59;;-218,79;SEK;0;0;;US7561091049;
2021-11-24;Utdelningsportföljen;Sälj;Orion Office REIT;9;16,15842;-1303;SEK;0;8,9562;USD;ZZ68629Y1038;
2021-11-24;Utdelningsportföljen;Sälj;Orion Office REIT;-9;1,79965;145;SEK;0;8,978647;USD;ZZ68629Y1038;
2021-11-23;Utdelningsportföljen;Sälj;Orion Office REIT;-9;16,15842;1303;SEK;0;8,9562;USD;ZZ68629Y1038;
2021-11-23;Utdelningsportföljen;Värdepappersöverföring;INLÄGG FRAK SO ONL.N Orion Office REIT;9;;;;0;0;;ZZ68629Y1038;
2021-11-17;Utdelningsportföljen;Värdepappersöverföring;Värdepappersutdelning 1:10 Orion Office REIT;5;;;;0;0;;US68629Y1038;
2021-11-16;Utdelningsportföljen;Utländsk källskatt;Utländsk källskatt REALTY INCOME CORP;59;;-18,37;SEK;0;0;;US7561091049;
2021-11-16;Utdelningsportföljen;Utdelning;Realty Income REIT;59;2,076447;122,51;SEK;0;0;SEK;US7561091049;
2021-11-03;Utdelningsportföljen;Utdelning;Swedbank A;305;7,3;2226,5;SEK;0;;SEK;SE0000242455;
2021-11-02;Utdelningsportföljen;Utländsk källskatt;Utländsk källskatt AT&T INC;83;;-55,13;SEK;0;0;;US00206R1023;
2021-11-02;Utdelningsportföljen;Utdelning;AT&T;83;4,428611;367,57;SEK;0;0;SEK;US00206R1023;
2021-11-01;Utdelningsportföljen;Utdelning;Telia Company;1188;1;1188;SEK;0;;SEK;SE0000667925;
2021-10-27;Utdelningsportföljen;Köp;AT&T;117;25,24504;-25471;SEK;52;8,606062;USD;US00206R1023;
2021-10-27;Utdelningsportföljen;Sälj;INDUSTRIVÄRDEN A FRAKTIONER X100;-18;2,858889;51;SEK;0;;SEK;ZZ0000190126;
2021-10-27;Utdelningsportföljen;Värdepappersöverföring;CA - Fraktionsutbetalning INDU A INDUSTRIVÄRDEN A FRAKTIONER X100;18;;;;0;;;ZZ0000190126;
2021-10-25;Utdelningsportföljen;Övrigt;HANDELSBANKEN DELRÄTT 211;-207;;;;0;;;XX0000190126;
2021-10-25;Utdelningsportföljen;Övrigt;Industrivärden A;3;;;;0;;;SE0000190126;
2021-10-25;Utdelningsportföljen;Övrigt;HANDELSBANKEN DELRÄTT 211;207;;;;0;;;XX0000190126;
2021-10-18;Utdelningsportföljen;Utländsk källskatt;Utländsk källskatt REALTY INCOME CORP;59;;-18,02;SEK;0;0;;US7561091049;
2021-10-18;Utdelningsportföljen;Utdelning;Realty Income REIT;59;2,03726;120,19;SEK;0;0;SEK;US7561091049;
2021-10-14;Utdelningsportföljen;Utländsk källskatt;Utländsk källskatt NORDEA BANK SE;1160;;-2948,83;SEK;0;;;FI4000297767;
2021-10-14;Utdelningsportföljen;Utdelning;Nordea Bank;1160;7,26315;8425,25;SEK;0;;SEK;FI4000297767;
2021-10-04;Utdelningsportföljen;Utdelning;SBB Norden D;1000;0,5;500;SEK;0;;SEK;SE0011844091;
2021-09-16;Utdelningsportföljen;Utländsk källskatt;Utländsk källskatt;59;;-17,98;SEK;0;0;;US7561091049;
2021-09-16;Utdelningsportföljen;Utdelning;Realty Income REIT;59;2,03168;119,86;SEK;0;0;SEK;US7561091049;
2021-08-25;Utdelningsportföljen;Insättning;Direktinsättning från Handelsbanken;;;30000;SEK;0;;;;
2021-08-16;Utdelningsportföljen;Utländsk källskatt;Utländsk källskatt;59;;-18,01;SEK;0;0;;US7561091049;
2021-08-16;Utdelningsportföljen;Utdelning;Realty Income REIT;59;2,035072;120,06;SEK;0;0;SEK;US7561091049;
2021-08-03;Utdelningsportföljen;Utländsk källskatt;Utländsk källskatt;83;;-55,4;SEK;0;0;;US00206R1023;
2021-08-03;Utdelningsportföljen;Utdelning;AT&T;83;4,450593;369,39;SEK;0;0;SEK;US00206R1023;
2021-07-16;Utdelningsportföljen;Utländsk källskatt;Utländsk källskatt;59;;-18,04;SEK;0;0;;US7561091049;
2021-07-16;Utdelningsportföljen;Utdelning;Realty Income REIT;59;2,03929;120,31;SEK;0;0;SEK;US7561091049;
2021-07-01;Utdelningsportföljen;Köp;SBB Norden D;1000;29,2;-29244;SEK;44;;SEK;SE0011844091;
2021-06-16;Utdelningsportföljen;Utländsk källskatt;Utländsk källskatt;59;;-17,33;SEK;0;0;;US7561091049;
2021-06-16;Utdelningsportföljen;Utdelning;Realty Income REIT;59;1,959097;115,58;SEK;0;0;SEK;US7561091049;
2021-05-17;Utdelningsportföljen;Utländsk källskatt;Utländsk källskatt;59;;-17,29;SEK;0;0;;US7561091049;
2021-05-17;Utdelningsportföljen;Utdelning;Realty Income REIT;59;1,954621;115,32;SEK;0;0;SEK;US7561091049;
2021-05-12;Utdelningsportföljen;Utdelning;Softronic B;1876;3;5628;SEK;0;;SEK;SE0000323305;
2021-05-04;Utdelningsportföljen;Utländsk källskatt;Utländsk källskatt;83;;-54,61;SEK;0;0;;US00206R1023;
2021-05-04;Utdelningsportföljen;Utdelning;AT&T;83;4,386743;364,09;SEK;0;0;SEK;US00206R1023;
2021-04-16;Utdelningsportföljen;Utländsk källskatt;Utländsk källskatt;59;;-17,49;SEK;0;0;;US7561091049;
2021-04-16;Utdelningsportföljen;Utdelning;Realty Income REIT;59;1,976284;116,6;SEK;0;0;SEK;US7561091049;
2021-04-16;Utdelningsportföljen;Utdelning;Telia Company;1188;1;1188;SEK;0;;SEK;SE0000667925;
2021-04-16;Utdelningsportföljen;Insättning;Direktinsättning från Handelsbanken;;;20000;SEK;0;;;;
2021-03-31;Utdelningsportföljen;Utdelning;Swedbank A;305;2,9;884,5;SEK;0;;SEK;SE0000242455;
2021-03-30;Utdelningsportföljen;Utdelning;Handelsbanken B;207;4,1;848,7;SEK;0;;SEK;SE0007100607;
2021-03-16;Utdelningsportföljen;Utländsk källskatt;Utländsk källskatt;59;;-17,6;SEK;0;0;;US7561091049;
2021-03-16;Utdelningsportföljen;Utdelning;Realty Income REIT;59;1,989335;117,37;SEK;0;0;SEK;US7561091049;
2021-03-03;Utdelningsportföljen;Utländsk källskatt;Utländsk källskatt;1160;;-288,7;SEK;0;;;FI4000297767;
2021-03-03;Utdelningsportföljen;Utdelning;Nordea Bank;1160;0,711088;824,86;SEK;0;;SEK;FI4000297767;
2021-02-19;Utdelningsportföljen;Utdelning;Swedbank A;305;4,35;1326,75;SEK;0;;SEK;SE0000242455;
2021-02-17;Utdelningsportföljen;Utländsk källskatt;Utländsk källskatt;59;;-17,23;SEK;0;0;;US7561091049;
2021-02-17;Utdelningsportföljen;Utdelning;Realty Income REIT;59;1,947159;114,88;SEK;0;0;SEK;US7561091049;
2021-02-02;Utdelningsportföljen;Utländsk källskatt;Utländsk källskatt;83;;-54,5;SEK;0;0;;US00206R1023;
2021-02-02;Utdelningsportföljen;Utdelning;AT&T;83;4,377824;363,35;SEK;0;0;SEK;US00206R1023;
2021-01-22;Utdelningsportföljen;Köp;Realty Income REIT;41;58,86;-20128;SEK;50;8,319898;USD;US7561091049;
2021-01-22;Utdelningsportföljen;Insättning;Direktinsättning från Handelsbanken;;;20000;SEK;0;;;;
2021-01-18;Utdelningsportföljen;Utländsk källskatt;Utländsk källskatt;18;;-5,31;SEK;0;0;;US7561091049;
2021-01-18;Utdelningsportföljen;Utdelning;Realty Income REIT;18;1,969983;35,45;SEK;0;0;SEK;US7561091049;
2020-12-21;Utdelningsportföljen;Köp;AT&T;83;29,06;-20011;SEK;50;8,275888;USD;US00206R1023;
2020-12-21;Utdelningsportföljen;Sälj;HANZA;-1520;13,85;21013;SEK;39;;SEK;SE0005878543;
2020-12-16;Utdelningsportföljen;Utländsk källskatt;Utländsk källskatt;18;;-5,26;SEK;0;0;;US7561091049;
2020-12-16;Utdelningsportföljen;Utdelning;Realty Income REIT;18;1,948779;35,07;SEK;0;0;SEK;US7561091049;
2020-12-08;Utdelningsportföljen;Utdelning;Telia Company;1188;0,65;772,2;SEK;0;;SEK;SE0000667925;
2020-11-16;Utdelningsportföljen;Utländsk källskatt;Utländsk källskatt;18;;-5,46;SEK;0;0;;US7561091049;
2020-11-16;Utdelningsportföljen;Utdelning;Realty Income REIT;18;2,022695;36,4;SEK;0;0;SEK;US7561091049;
2020-10-28;Utdelningsportföljen;Köp;Telia Company;30;34,3;-1068;SEK;39;;SEK;SE0000667925;
2020-10-27;Utdelningsportföljen;Utdelning;Telia Company;1158;0,9;1042,2;SEK;0;;SEK;SE0000667925;
2020-10-16;Utdelningsportföljen;Utländsk källskatt;Utländsk källskatt;18;;-5,57;SEK;0;0;;US7561091049;
2020-10-16;Utdelningsportföljen;Utdelning;Realty Income REIT;18;2,064107;37,15;SEK;0;0;SEK;US7561091049;
2020-09-17;Utdelningsportföljen;Köp;Realty Income REIT;18;65,02;-10348;SEK;53;8,796136;USD;US7561091049;
2020-09-17;Utdelningsportföljen;Insättning;Direktinsättning från Handelsbanken;;;10000;SEK;0;;;;
2020-09-16;Utdelningsportföljen;Köp;HANZA;1408;14,299609;-20173;SEK;39;;SEK;SE0005878543;
2020-09-14;Utdelningsportföljen;Köp;Telia Company;1158;34,54;-40057;SEK;60;;SEK;SE0000667925;
2020-08-31;Utdelningsportföljen;Insättning;Direktinsättning från Handelsbanken;;;20000;SEK;0;;;;
2020-07-23;Utdelningsportföljen;Sälj;Kinnevik B;-54;313,4;16885;SEK;39;;SEK;SE0013256682;
2020-06-09;Utdelningsportföljen;Köp;Handelsbanken B;100;98,9;-9929;SEK;39;;SEK;SE0007100607;
2020-06-09;Utdelningsportföljen;Köp;Softronic B;676;14,9;-10111;SEK;39;;SEK;SE0000323305;
2020-05-14;Utdelningsportföljen;Insättning;Direktinsättning från Handelsbanken;;;10000;SEK;0;;;;
2020-05-13;Utdelningsportföljen;Sälj;Byggmax Group;-700;49,48;34584;SEK;52;;SEK;SE0003303627;
2020-04-03;Utdelningsportföljen;Köp;Avanza Zero;83,1661;204,40997;-16999,98;SEK;0;;SEK;SE0001718388;
2020-04-03;Utdelningsportföljen;Insättning;Direktinsättning från Handelsbanken;;;15088;SEK;0;;;;
2020-04-03;Fonder;Värdepappersöverföring;ÖVERFÖRING MELLAN EGNA KONTON;89,9685;222,3;;;0;;SEK;SE0001718388;
2020-04-03;Utdelningsportföljen;Värdepappersöverföring;ÖVERFÖRING MELLAN EGNA KONTON;-89,9685;222,3;;;0;;SEK;SE0001718388;
2020-03-10;Utdelningsportföljen;Köp;Avanza Zero;89,9685;222,300027;-20000;SEK;0;;SEK;SE0001718388;
2020-03-09;Utdelningsportföljen;Köp;Kinnevik B;54;185,2;-10040;SEK;39;;SEK;SE0013256682;
2020-03-09;Utdelningsportföljen;Insättning;Direktinsättning från Handelsbanken;;;30000;SEK;0;;;;
2020-03-04;Utdelningsportföljen;Köp;Nordea Bank;800;76,54;-61324;SEK;92;;SEK;FI4000297767;
2020-02-21;Utdelningsportföljen;Köp;Softronic B;1000;19,19278;-19232;SEK;39;;SEK;SE0000323305;
2020-02-12;Utdelningsportföljen;Köp;Byggmax Group;400;29;-11639;SEK;39;;SEK;SE0003303627;
2020-01-13;Utdelningsportföljen;Insättning;Direktinsättning från Handelsbanken;;;30000;SEK;0;;;;
2019-11-07;Utdelningsportföljen;Sälj;Hexagon B;-10;533;5291;SEK;39;;SEK;SE0000103699;
2019-10-10;Utdelningsportföljen;Köp;Swedbank A;100;134,8;-13519;SEK;39;;SEK;SE0000242455;
2019-10-10;Utdelningsportföljen;Insättning;Direktinsättning från Handelsbanken;;;30000;SEK;0;;;;
2019-10-02;Utdelningsportföljen;Köp;Brinova Fastigheter B;500;24,7;-12389;SEK;39;;SEK;SE0008347652;
2019-07-25;Utdelningsportföljen;Köp;Nordea Bank;160;62,94;-10109;SEK;39;;SEK;FI4000297767;
2019-07-17;Utdelningsportföljen;Uttag;Uttag till 6000530198932;;;-2000;SEK;0;;;;
2019-07-16;Utdelningsportföljen;Köp;Byggmax Group;300;33,86;-10197;SEK;39;;SEK;SE0003303627;
2019-07-04;Utdelningsportföljen;Insättning;Direktinsättning från Handelsbanken;;;25000;SEK;0;;;;
2019-07-03;Utdelningsportföljen;Insättning;Direktinsättning från Handelsbanken;;;25000;SEK;0;;;;
2019-07-01;Utdelningsportföljen;Sälj;Eolus B;-93;76;7029;SEK;39;;SEK;SE0007075056;
2019-06-03;Utdelningsportföljen;Köp;Handelsbanken B;107;93,4;-10033;SEK;39;;SEK;SE0007100607;
2019-06-03;Utdelningsportföljen;Köp;Swedbank A;75;134,7;-10142;SEK;39;;SEK;SE0000242455;
2019-05-31;Utdelningsportföljen;Köp;Hexagon B;10;443;-4469;SEK;39;;SEK;SE0000103699;
2019-05-16;Utdelningsportföljen;Köp;Nordea Bank;100;71,91;-7230;SEK;39;;SEK;FI4000297767;
2019-05-16;Utdelningsportföljen;Köp;Swedbank A;65;144,7;-9445;SEK;39;;SEK;SE0000242455;
2019-05-14;Utdelningsportföljen;Utdelning;Softronic B;200;1;200;SEK;0;;SEK;SE0000323305;
2019-05-13;Utdelningsportföljen;Utdelning;HANZA;112;0,25;28;SEK;0;;SEK;SE0005878543;
2019-05-06;Utdelningsportföljen;Köp;Eolus B;93;54;-5061;SEK;39;;SEK;SE0007075056;
2019-05-03;Utdelningsportföljen;Köp;HANZA;112;17,6;-2010;SEK;39;;SEK;SE0005878543;
2019-04-26;Utdelningsportföljen;Köp;Nordea Bank;100;77,72;-7811;SEK;39;;SEK;FI4000297767;
2019-04-26;Utdelningsportföljen;Köp;Softronic B;200;18,3;-3699;SEK;39;;SEK;SE0000323305;
2019-04-26;Utdelningsportföljen;Köp;Swedbank A;50;153,45;-7712;SEK;39;;SEK;SE0000242455;
2019-04-26;Utdelningsportföljen;Köp;Swedbank A;15;153,5;-2342;SEK;39;;SEK;SE0000242455;
2019-04-23;Utdelningsportföljen;Köp;Brinova Fastigheter B;500;18,7685;-9423;SEK;39;;SEK;SE0008347652;
2019-04-15;Utdelningsportföljen;Sälj;Nordea Småbolagsfond Sverige;-100,133;330,40596;33084,54;SEK;0;;SEK;SE0003653302;
2019-04-10;Utdelningsportföljen;Sälj;Handelsbanken B;-100;104,2;10381;SEK;39;;SEK;SE0007100607;
2019-04-10;Utdelningsportföljen;Sälj;ABB;-100;180,2;17981;SEK;39;;SEK;CH0012221716;
2019-04-03;Utdelningsportföljen;Sälj;Alfa Laval;-100;217,3;21691;SEK;39;;SEK;SE0000695876;
2019-04-02;Utdelningsportföljen;Utdelning;Handelsbanken B;100;5,5;550;SEK;0;;SEK;SE0007100607;
2019-03-15;Utdelningsportföljen;Köp;Handelsbanken B;100;106,6;-10699;SEK;39;;SEK;SE0007100607;
2019-03-15;Utdelningsportföljen;Insättning;Direktinsättning från Handelsbanken;;;20000;SEK;0;;;;
2019-02-13;Utdelningsportföljen;Uttag;Överföring till Collector 4163401;;;-2;SEK;0;;;;
2019-02-08;Utdelningsportföljen;Insättning;Överföring från Avanzakonto 4007528;;;29,05;SEK;0;;;;
2019-02-08;Huvudkontot;Uttag;Överföring till Avanzakonto 3028640;;;-29,05;SEK;0;;;;
2018-12-07;Utdelningsportföljen;Köp;ABB;100;173,4;-17383;SEK;43;;SEK;CH0012221716;
2018-12-04;Utdelningsportföljen;Insättning;Överföring från Avanzakonto 4007528;;;20000;SEK;0;;;;
2018-12-04;Huvudkontot;Uttag;Överföring till Avanzakonto 3028640;;;-20000;SEK;0;;;;
2018-12-03;Huvudkontot;Insättning;Överföring från Avanzakonto 3028640;;;20000;SEK;0;;;;
2018-12-03;Utdelningsportföljen;Uttag;Överföring till Avanzakonto 4007528;;;-20000;SEK;0;;;;
2018-12-03;Utdelningsportföljen;Insättning;Direktinsättning från Handelsbanken;;;20000;SEK;0;;;;
2018-11-20;Utdelningsportföljen;Köp;Alfa Laval;100;196;-19649;SEK;49;;SEK;SE0000695876;
2018-11-20;Utdelningsportföljen;Uttag;Överföring till Collector 4163401;;;-10000;SEK;0;;;;
2018-10-26;Utdelningsportföljen;Insättning;Direktinsättning från Handelsbanken;;;30000;SEK;0;;;;
2018-07-18;Utdelningsportföljen;Sälj;VICTORIA PARK B;-70;38,35;2685;SEK;0;;SEK;SE0005932795;
2018-07-10;Utdelningsportföljen;Köp;Nordea Småbolagsfond Sverige;100,133;299,600332;-29999,88;SEK;0;;SEK;SE0003653302;
2018-07-06;Utdelningsportföljen;Insättning;Direktinsättning från Handelsbanken;;;13000;SEK;0;;;;
2018-06-15;Utdelningsportföljen;Insättning;Direktinsättning från Handelsbanken;;;10000;SEK;0;;;;
2018-04-30;Utdelningsportföljen;Utdelning;VICTORIA PARK B;70;0,4;28;SEK;0;;SEK;SE0005932795;
2018-03-23;Utdelningsportföljen;Sälj;Gapwaves B;-45;17,86;802;SEK;2;;SEK;SE0009155518;
2018-03-23;Utdelningsportföljen;Sälj;SaltX Technology Holding B;-60;19,39;1160;SEK;3;;SEK;SE0005308541;
2018-01-29;Utdelningsportföljen;Sälj;Platzer Fastigheter Holding B;-100;51,6;5160;SEK;0;;SEK;SE0004977692;
2017-11-21;Utdelningsportföljen;Köp;VICTORIA PARK B;70;30,1;-2107;SEK;0;;SEK;SE0005932795;
2017-11-21;Utdelningsportföljen;Köp;Platzer Fastigheter Holding B;100;45,1;-4510;SEK;0;;SEK;SE0004977692;
2017-10-30;Utdelningsportföljen;Sälj;Dometic Group;-40;72,85;2914;SEK;0;;SEK;SE0007691613;
2017-10-17;Utdelningsportföljen;Köp;Dometic Group;40;65,4;-2616;SEK;0;;SEK;SE0007691613;
2017-10-17;Utdelningsportföljen;Köp;SaltX Technology Holding B;60;42,5;-2556;SEK;6;;SEK;SE0005308541;
2017-10-12;Utdelningsportföljen;Sälj;Peab B;-20;84;1680;SEK;0;;SEK;SE0000106205;
2017-10-11;Utdelningsportföljen;Köp;Gapwaves B;45;53,5;-2414;SEK;6;;SEK;SE0009155518;
2017-09-25;Utdelningsportföljen;Sälj;Nordea Bank;-20;106,7;2134;SEK;0;;SEK;SE0000427361;
2017-09-20;Utdelningsportföljen;Sälj;SKF B;-15;169,1;2537;SEK;0;;SEK;SE0000108227;
2017-09-06;Utdelningsportföljen;Sälj;Peab B;-10;85,9;859;SEK;0;;SEK;SE0000106205;
2017-09-05;Utdelningsportföljen;Sälj;H&M B;-10;197,2;1972;SEK;0;;SEK;SE0000106270;
2017-08-31;Huvudkontot;Ränta;Skuldränta;;;-1,87;SEK;0;;;;
2017-08-31;Huvudkontot;Övrigt;Moms;;;-199,8;SEK;0;;;;
2017-08-31;Huvudkontot;Övrigt;Online Trader;;;-799,2;SEK;0;;;;
2017-08-30;Utdelningsportföljen;Köp;SKF B;15;155,4;-2331;SEK;0;;SEK;SE0000108227;
2017-08-30;Utdelningsportföljen;Köp;H&M B;10;202;-2020;SEK;0;;SEK;SE0000106270;
2017-08-30;Huvudkontot;Insättning;Direktinsättning från Handelsbanken;;;1000;SEK;0;;;;
2017-08-29;Utdelningsportföljen;Sälj;Volvo B;-10;133,4;1334;SEK;0;;SEK;SE0000115446;
2017-08-29;Utdelningsportföljen;Köp;Peab B;30;88,3;-2649;SEK;0;;SEK;SE0000106205;
2017-08-25;Utdelningsportföljen;Sälj;BEAR OMX X15 AVA 4;-600;4,72;2832;SEK;0;;SEK;GB00BVZZ0734;
2017-08-25;Utdelningsportföljen;Köp;BEAR OMX X15 AVA 4;600;4,87;-2922;SEK;0;;SEK;GB00BVZZ0734;
2017-08-25;Utdelningsportföljen;Sälj;BULL OMX X15 AVA 4;-600;5,43;3258;SEK;0;;SEK;GB00BVZW5T14;
2017-08-25;Utdelningsportföljen;Köp;BULL OMX X15 AVA 4;600;5,14;-3084;SEK;0;;SEK;GB00BVZW5T14;
2017-08-11;Utdelningsportföljen;Sälj;SSAB B;-60;32,68;1961;SEK;0;;SEK;SE0000120669;
2017-08-10;Utdelningsportföljen;Sälj;Peab B;-50;96,1;4805;SEK;0;;SEK;SE0000106205;
2017-08-09;Utdelningsportföljen;Köp;Nordea Bank;20;103,7;-2074;SEK;0;;SEK;SE0000427361;
2017-08-09;Utdelningsportföljen;Köp;Volvo B;10;141;-1410;SEK;0;;SEK;SE0000115446;
2017-08-09;Utdelningsportföljen;Köp;SSAB B;60;33,95;-2037;SEK;0;;SEK;SE0000120669;
2017-08-09;Huvudkontot;Insättning;Direktinsättning från Handelsbanken;;;1000;SEK;0;;;;
2017-08-04;Utdelningsportföljen;Sälj;HUSQVARNA AK B;-60;80,3;4818;SEK;0;;SEK;SE0001662230;
2017-08-01;Huvudkontot;Övrigt;Moms;;;-199,8;SEK;0;;;;
2017-08-01;Huvudkontot;Övrigt;Online Trader;;;-799,2;SEK;0;;;;
2017-07-27;Utdelningsportföljen;Sälj;BULL OMX X15 AVA 4;-240;8,27;1985;SEK;0;;SEK;GB00BVZW5T14;
2017-07-26;Utdelningsportföljen;Köp;BULL OMX X15 AVA 4;240;8,45;-2028;SEK;0;;SEK;GB00BVZW5T14;
2017-07-25;Utdelningsportföljen;Köp;HUSQVARNA AK B;60;82;-4920;SEK;0;;SEK;SE0001662230;
2017-07-18;Utdelningsportföljen;Sälj;BULL OMX X15 AVA 4;-550;12,259091;6743;SEK;0;;SEK;GB00BVZW5T14;
2017-07-18;Utdelningsportföljen;Sälj;BULL OMX X15 AVA 4;-550;12,445455;6845;SEK;0;;SEK;GB00BVZW5T14;
2017-07-18;Utdelningsportföljen;Köp;BULL OMX X15 AVA 4;550;12,48;-6864;SEK;0;;SEK;GB00BVZW5T14;
2017-07-18;Utdelningsportföljen;Köp;BULL OMX X15 AVA 4;550;13,06;-7183;SEK;0;;SEK;GB00BVZW5T14;
2017-07-17;Utdelningsportföljen;Sälj;BULL OMX X15 AVA 4;-420;16,23;6817;SEK;0;;SEK;GB00BVZW5T14;
2017-07-17;Utdelningsportföljen;Köp;BULL OMX X15 AVA 4;420;16,52;-6938;SEK;0;;SEK;GB00BVZW5T14;
2017-07-13;Utdelningsportföljen;Sälj;BEAR OMX X15 AVA 4;-2800;2,58;7224;SEK;0;;SEK;GB00BVZZ0734;
2017-07-13;Utdelningsportföljen;Sälj;BEAR OMX X15 AVA 4;-2800;2,46;6888;SEK;0;;SEK;GB00BVZZ0734;
2017-07-13;Utdelningsportföljen;Köp;BEAR OMX X15 AVA 4;2800;2,5;-7000;SEK;0;;SEK;GB00BVZZ0734;
2017-07-13;Utdelningsportföljen;Köp;BEAR OMX X15 AVA 4;2800;2,5;-7000;SEK;0;;SEK;GB00BVZZ0734;
2017-07-12;Utdelningsportföljen;Sälj;BEAR OMX X15 AVA 4;-2800;2,67;7476;SEK;0;;SEK;GB00BVZZ0734;
2017-07-12;Utdelningsportföljen;Köp;BEAR OMX X15 AVA 4;2800;2,71;-7588;SEK;0;;SEK;GB00BVZZ0734;
2017-07-12;Utdelningsportföljen;Sälj;BULL OMX X15 AVA 4;-400;17,94;7176;SEK;0;;SEK;GB00BVZW5T14;
2017-07-12;Utdelningsportföljen;Köp;BULL OMX X15 AVA 4;400;18,18;-7272;SEK;0;;SEK;GB00BVZW5T14;
2017-07-11;Utdelningsportföljen;Sälj;BEAR OMX X15 AVA 4;-2200;3,27;7194;SEK;0;;SEK;GB00BVZZ0734;
2017-07-11;Utdelningsportföljen;Sälj;BEAR OMX X15 AVA 4;-2200;3,3;7260;SEK;0;;SEK;GB00BVZZ0734;
2017-07-11;Utdelningsportföljen;Köp;BEAR OMX X15 AVA 4;2200;3,31;-7282;SEK;0;;SEK;GB00BVZZ0734;
2017-07-11;Utdelningsportföljen;Köp;BEAR OMX X15 AVA 4;2200;3,23;-7106;SEK;0;;SEK;GB00BVZZ0734;
2017-07-11;Utdelningsportföljen;Sälj;BULL OMX X15 AVA 4;-500;15,23;7615;SEK;0;;SEK;GB00BVZW5T14;
2017-07-11;Utdelningsportföljen;Sälj;BULL OMX X15 AVA 4;-500;15,41;7705;SEK;0;;SEK;GB00BVZW5T14;
2017-07-11;Utdelningsportföljen;Köp;BULL OMX X15 AVA 4;500;15,44;-7720;SEK;0;;SEK;GB00BVZW5T14;
2017-07-11;Utdelningsportföljen;Köp;BULL OMX X15 AVA 4;500;15,16;-7580;SEK;0;;SEK;GB00BVZW5T14;
2017-07-07;Utdelningsportföljen;Sälj;BULL OMX X15 AVA 4;-500;14,32;7160;SEK;0;;SEK;GB00BVZW5T14;
2017-07-07;Utdelningsportföljen;Sälj;BULL OMX X15 AVA 4;-500;14,45;7225;SEK;0;;SEK;GB00BVZW5T14;
2017-07-07;Utdelningsportföljen;Sälj;BULL OMX X15 AVA 4;-500;14,5015;7251;SEK;0;;SEK;GB00BVZW5T14;
2017-07-07;Utdelningsportföljen;Sälj;BULL OMX X15 AVA 4;-500;14,71;7355;SEK;0;;SEK;GB00BVZW5T14;
2017-07-07;Utdelningsportföljen;Köp;BULL OMX X15 AVA 4;500;14,63;-7315;SEK;0;;SEK;GB00BVZW5T14;
2017-07-07;Utdelningsportföljen;Köp;BULL OMX X15 AVA 4;500;14,63;-7315;SEK;0;;SEK;GB00BVZW5T14;
2017-07-07;Utdelningsportföljen;Köp;BULL OMX X15 AVA 4;500;14,8;-7400;SEK;0;;SEK;GB00BVZW5T14;
2017-07-07;Utdelningsportföljen;Köp;BULL OMX X15 AVA 4;500;15,12;-7560;SEK;0;;SEK;GB00BVZW5T14;
2017-07-05;Utdelningsportföljen;Sälj;BULL OMX X15 AVA 4;-500;16,13;8065;SEK;0;;SEK;GB00BVZW5T14;
2017-07-05;Utdelningsportföljen;Köp;BULL OMX X15 AVA 4;500;15,46;-7730;SEK;0;;SEK;GB00BVZW5T14;
2017-07-05;Utdelningsportföljen;Uttag;Uttag till 6000530198932;;;-3000;SEK;0;;;;
2017-07-04;Utdelningsportföljen;Sälj;BULL OMX X15 AVA 4;-600;15,31;9186;SEK;0;;SEK;GB00BVZW5T14;
2017-07-04;Utdelningsportföljen;Sälj;BULL OMX X15 AVA 4;-600;15,35;9210;SEK;0;;SEK;GB00BVZW5T14;
2017-07-04;Utdelningsportföljen;Sälj;BULL OMX X15 AVA 4;-600;15,1;9060;SEK;0;;SEK;GB00BVZW5T14;
2017-07-04;Utdelningsportföljen;Köp;BULL OMX X15 AVA 4;600;15,453333;-9272;SEK;0;;SEK;GB00BVZW5T14;
2017-07-04;Utdelningsportföljen;Köp;BULL OMX X15 AVA 4;600;15,16;-9096;SEK;0;;SEK;GB00BVZW5T14;
2017-07-04;Utdelningsportföljen;Köp;BULL OMX X15 AVA 4;600;15,31;-9186;SEK;0;;SEK;GB00BVZW5T14;
2017-06-30;Utdelningsportföljen;Sälj;BULL OMX X15 AVA 4;-720;14,82;10670;SEK;0;;SEK;GB00BVZW5T14;
2017-06-30;Utdelningsportföljen;Sälj;BULL OMX X15 AVA 4;-720;15,02;10814;SEK;0;;SEK;GB00BVZW5T14;
2017-06-30;Utdelningsportföljen;Köp;BULL OMX X15 AVA 4;720;15,08;-10858;SEK;0;;SEK;GB00BVZW5T14;
2017-06-30;Utdelningsportföljen;Köp;BULL OMX X15 AVA 4;720;15,22;-10958;SEK;0;;SEK;GB00BVZW5T14;
2017-06-30;Huvudkontot;Övrigt;Moms;;;-199,8;SEK;0;;;;
2017-06-30;Huvudkontot;Övrigt;Online Trader;;;-799,2;SEK;0;;;;
2017-06-29;Utdelningsportföljen;Sälj;BULL OMX X15 AVA 4;-600;16,67;10002;SEK;0;;SEK;GB00BVZW5T14;
2017-06-29;Utdelningsportföljen;Sälj;BULL OMX X15 AVA 4;-600;17,1;10260;SEK;0;;SEK;GB00BVZW5T14;
2017-06-29;Utdelningsportföljen;Sälj;BULL OMX X15 AVA 4;-600;17,283;10370;SEK;0;;SEK;GB00BVZW5T14;
2017-06-29;Utdelningsportföljen;Sälj;BULL OMX X15 AVA 4;-600;18,43;11058;SEK;0;;SEK;GB00BVZW5T14;
2017-06-29;Utdelningsportföljen;Köp;BULL OMX X15 AVA 4;600;16,87;-10122;SEK;0;;SEK;GB00BVZW5T14;
2017-06-29;Utdelningsportföljen;Köp;BULL OMX X15 AVA 4;600;17,39;-10434;SEK;0;;SEK;GB00BVZW5T14;
2017-06-29;Utdelningsportföljen;Köp;BULL OMX X15 AVA 4;600;18,03;-10818;SEK;0;;SEK;GB00BVZW5T14;
2017-06-29;Utdelningsportföljen;Köp;BULL OMX X15 AVA 4;600;18,67;-11202;SEK;0;;SEK;GB00BVZW5T14;
2017-06-28;Utdelningsportföljen;Sälj;BEAR OMX X15 AVA 4;-3000;3,608667;10826;SEK;0;;SEK;GB00BVZZ0734;
2017-06-28;Utdelningsportföljen;Köp;BEAR OMX X15 AVA 4;3000;3,69;-11070;SEK;0;;SEK;GB00BVZZ0734;
2017-06-28;Utdelningsportföljen;Sälj;BULL OMX X15 AVA 4;-700;16,55;11585;SEK;0;;SEK;GB00BVZW5T14;
2017-06-28;Utdelningsportföljen;Sälj;BULL OMX X15 AVA 4;-700;16,29;11403;SEK;0;;SEK;GB00BVZW5T14;
2017-06-28;Utdelningsportföljen;Sälj;BULL OMX X15 AVA 4;-700;16,47;11529;SEK;0;;SEK;GB00BVZW5T14;
2017-06-28;Utdelningsportföljen;Köp;BULL OMX X15 AVA 4;700;16,2;-11340;SEK;0;;SEK;GB00BVZW5T14;
2017-06-28;Utdelningsportföljen;Köp;BULL OMX X15 AVA 4;700;16,55;-11585;SEK;0;;SEK;GB00BVZW5T14;
2017-06-28;Utdelningsportföljen;Köp;BULL OMX X15 AVA 4;700;15,73;-11011;SEK;0;;SEK;GB00BVZW5T14;
2017-06-27;Utdelningsportföljen;Sälj;BULL OMX X15 AVA 4;-750;17,75;13313;SEK;0;;SEK;GB00BVZW5T14;
2017-06-27;Utdelningsportföljen;Sälj;BULL OMX X15 AVA 4;-540;18,92;10217;SEK;0;;SEK;GB00BVZW5T14;
2017-06-27;Utdelningsportföljen;Sälj;BULL OMX X15 AVA 4;-210;19,012619;3993;SEK;0;;SEK;GB00BVZW5T14;
2017-06-27;Utdelningsportföljen;Sälj;BULL OMX X15 AVA 4;-700;18,83;13181;SEK;0;;SEK;GB00BVZW5T14;
2017-06-27;Utdelningsportföljen;Köp;BULL OMX X15 AVA 4;750;17,38;-13035;SEK;0;;SEK;GB00BVZW5T14;
2017-06-27;Utdelningsportföljen;Köp;BULL OMX X15 AVA 4;750;19,19;-14393;SEK;0;;SEK;GB00BVZW5T14;
2017-06-27;Utdelningsportföljen;Köp;BULL OMX X15 AVA 4;700;19,07;-13349;SEK;0;;SEK;GB00BVZW5T14;
2017-06-27;Utdelningsportföljen;Uttag;Uttag till 6000530198932;;;-3000;SEK;0;;;;
2017-06-26;Utdelningsportföljen;Sälj;BULL OMX X15 AVA 4;-700;19,79;13853;SEK;0;;SEK;GB00BVZW5T14;
2017-06-26;Utdelningsportföljen;Sälj;BULL OMX X15 AVA 4;-699;21,32;14903;SEK;0;;SEK;GB00BVZW5T14;
2017-06-26;Utdelningsportföljen;Sälj;BULL OMX X15 AVA 4;-700;21,04;14728;SEK;0;;SEK;GB00BVZW5T14;
2017-06-26;Utdelningsportföljen;Sälj;BULL OMX X15 AVA 4;-700;21,27;14889;SEK;0;;SEK;GB00BVZW5T14;
2017-06-26;Utdelningsportföljen;Sälj;BULL OMX X15 AVA 4;-1;21,27;10;SEK;11;;SEK;GB00BVZW5T14;
2017-06-26;Utdelningsportföljen;Köp;BULL OMX X15 AVA 4;700;20,21;-14147;SEK;0;;SEK;GB00BVZW5T14;
2017-06-26;Utdelningsportföljen;Köp;BULL OMX X15 AVA 4;700;20,895714;-14627;SEK;0;;SEK;GB00BVZW5T14;
2017-06-26;Utdelningsportföljen;Köp;BULL OMX X15 AVA 4;700;21,31;-14917;SEK;0;;SEK;GB00BVZW5T14;
2017-06-26;Utdelningsportföljen;Köp;BULL OMX X15 AVA 4;700;21,15;-14805;SEK;0;;SEK;GB00BVZW5T14;
2017-06-22;Utdelningsportföljen;Insättning;Direktinsättning från Handelsbanken;;;9000;SEK;0;;;;
2017-06-22;Huvudkontot;Insättning;Direktinsättning från Handelsbanken;;;1000;SEK;0;;;;
2017-06-21;Utdelningsportföljen;Sälj;BULL OMX X15 AVA 4;-280;19,75;5530;SEK;0;;SEK;GB00BVZW5T14;
2017-06-21;Utdelningsportföljen;Köp;BULL OMX X15 AVA 4;280;18,15;-5082;SEK;0;;SEK;GB00BVZW5T14;
2017-06-21;Utdelningsportföljen;Sälj;MR GREEN & CO AB;-140;38,9;5446;SEK;0;;SEK;SE0006963682;
2017-06-15;Utdelningsportföljen;Sälj;BULL OMX X15 AVA 4;-330;15,816061;5219;SEK;0;;SEK;GB00BVZW5T14;
2017-06-15;Utdelningsportföljen;Köp;BULL OMX X15 AVA 4;330;16,12;-5320;SEK;0;;SEK;GB00BVZW5T14;
2017-06-15;Utdelningsportföljen;Köp;MR GREEN & CO AB;140;38,1;-5334;SEK;0;;SEK;SE0006963682;
2017-06-14;Utdelningsportföljen;Sälj;BULL OMX X15 AVA 4;-250;20,71;5178;SEK;0;;SEK;GB00BVZW5T14;
2017-06-14;Utdelningsportföljen;Sälj;BULL OMX X15 AVA 4;-250;21,9;5475;SEK;0;;SEK;GB00BVZW5T14;
2017-06-14;Utdelningsportföljen;Köp;BULL OMX X15 AVA 4;250;21,42;-5355;SEK;0;;SEK;GB00BVZW5T14;
2017-06-14;Utdelningsportföljen;Köp;BULL OMX X15 AVA 4;250;22,44368;-5611;SEK;0;;SEK;GB00BVZW5T14;
2017-06-13;Utdelningsportföljen;Sälj;BEAR OMX X15 AVA 4;-1900;2,96;5624;SEK;0;;SEK;GB00BVZZ0734;
2017-06-13;Utdelningsportföljen;Köp;BEAR OMX X15 AVA 4;1900;3,02;-5738;SEK;0;;SEK;GB00BVZZ0734;
2017-06-07;Utdelningsportföljen;Sälj;BEAR OMX X15 AVA 4;-1700;3,18;5406;SEK;0;;SEK;GB00BVZZ0734;
2017-06-07;Utdelningsportföljen;Sälj;BEAR OMX X15 AVA 4;-1700;3,42;5814;SEK;0;;SEK;GB00BVZZ0734;
2017-06-07;Utdelningsportföljen;Köp;BEAR OMX X15 AVA 4;1700;3,24;-5508;SEK;0;;SEK;GB00BVZZ0734;
2017-06-07;Utdelningsportföljen;Köp;BEAR OMX X15 AVA 4;1700;3,48;-5916;SEK;0;;SEK;GB00BVZZ0734;
2017-06-05;Utdelningsportföljen;Sälj;BEAR OMX X15 AVA 4;-1800;3,28;5904;SEK;0;;SEK;GB00BVZZ0734;
2017-06-05;Utdelningsportföljen;Köp;BEAR OMX X15 AVA 4;1800;3,18;-5724;SEK;0;;SEK;GB00BVZZ0734;
2017-06-05;Utdelningsportföljen;Sälj;BULL OMX X15 AVA 4;-280;20,36;5701;SEK;0;;SEK;GB00BVZW5T14;
2017-06-05;Utdelningsportföljen;Köp;BULL OMX X15 AVA 4;280;20,67;-5788;SEK;0;;SEK;GB00BVZW5T14;
2017-06-01;Utdelningsportföljen;Sälj;BULL OMX X15 AVA 4;-250;21,95;5488;SEK;0;;SEK;GB00BVZW5T14;
2017-06-01;Utdelningsportföljen;Sälj;BULL OMX X15 AVA 4;-250;21,57;5393;SEK;0;;SEK;GB00BVZW5T14;
2017-06-01;Utdelningsportföljen;Köp;BULL OMX X15 AVA 4;250;21,38;-5345;SEK;0;;SEK;GB00BVZW5T14;
2017-06-01;Utdelningsportföljen;Köp;BULL OMX X15 AVA 4;250;20,36;-5090;SEK;0;;SEK;GB00BVZW5T14;
2017-05-31;Utdelningsportföljen;Sälj;BEAR OMX X15 AVA 4;-1700;3,19;5423;SEK;0;;SEK;GB00BVZZ0734;
2017-05-31;Utdelningsportföljen;Sälj;BEAR OMX X15 AVA 4;-1500;3,29;4935;SEK;0;;SEK;GB00BVZZ0734;
2017-05-31;Utdelningsportföljen;Sälj;BEAR OMX X15 AVA 4;-1500;3,42;5130;SEK;0;;SEK;GB00BVZZ0734;
2017-05-31;Utdelningsportföljen;Köp;BEAR OMX X15 AVA 4;1700;3,07;-5219;SEK;0;;SEK;GB00BVZZ0734;
2017-05-31;Utdelningsportföljen;Köp;BEAR OMX X15 AVA 4;1500;3,36;-5040;SEK;0;;SEK;GB00BVZZ0734;
2017-05-31;Utdelningsportföljen;Köp;BEAR OMX X15 AVA 4;1500;3,49;-5235;SEK;0;;SEK;GB00BVZZ0734;
2017-05-31;Utdelningsportföljen;Sälj;BULL OMX X15 AVA 4;-240;21,93;5263;SEK;0;;SEK;GB00BVZW5T14;
2017-05-31;Utdelningsportföljen;Köp;BULL OMX X15 AVA 4;240;21,36;-5126;SEK;0;;SEK;GB00BVZW5T14;
2017-05-31;Huvudkontot;Övrigt;Moms;;;-199,8;SEK;0;;;;
2017-05-31;Huvudkontot;Övrigt;Online Trader;;;-799,2;SEK;0;;;;
2017-05-30;Utdelningsportföljen;Sälj;BULL OMX X15 AVA 4;-500;20,79;10395;SEK;0;;SEK;GB00BVZW5T14;
2017-05-30;Utdelningsportföljen;Sälj;BULL OMX X15 AVA 4;-420;20,29;8522;SEK;0;;SEK;GB00BVZW5T14;
2017-05-30;Utdelningsportföljen;Sälj;BULL OMX X15 AVA 4;-80;20,29;1623;SEK;0;;SEK;GB00BVZW5T14;
2017-05-30;Utdelningsportföljen;Sälj;BULL OMX X15 AVA 4;-500;19,94;9970;SEK;0;;SEK;GB00BVZW5T14;
2017-05-30;Utdelningsportföljen;Sälj;BULL OMX X15 AVA 4;-500;20,28;10140;SEK;0;;SEK;GB00BVZW5T14;
2017-05-30;Utdelningsportföljen;Köp;BULL OMX X15 AVA 4;500;20,48;-10240;SEK;0;;SEK;GB00BVZW5T14;
2017-05-30;Utdelningsportföljen;Köp;BULL OMX X15 AVA 4;500;19,89;-9945;SEK;0;;SEK;GB00BVZW5T14;
2017-05-30;Utdelningsportföljen;Köp;BULL OMX X15 AVA 4;500;20,2;-10100;SEK;0;;SEK;GB00BVZW5T14;
2017-05-30;Utdelningsportföljen;Köp;BULL OMX X15 AVA 4;500;20,48;-10240;SEK;0;;SEK;GB00BVZW5T14;
2017-05-30;Utdelningsportföljen;Köp;Peab B;50;102,3;-5115;SEK;0;;SEK;SE0000106205;
2017-05-30;Huvudkontot;Insättning;Direktinsättning från Handelsbanken;;;1000;SEK;0;;;;
2017-05-29;Utdelningsportföljen;Sälj;BEAR OMX X15 AVA 4;-2800;3,59;10052;SEK;0;;SEK;GB00BVZZ0734;
2017-05-29;Utdelningsportföljen;Köp;BEAR OMX X15 AVA 4;2800;3,63;-10164;SEK;0;;SEK;GB00BVZZ0734;
2017-05-29;Utdelningsportföljen;Sälj;BULL OMX X15 AVA 4;-520;19,402308;10089;SEK;0;;SEK;GB00BVZW5T14;
2017-05-29;Utdelningsportföljen;Köp;BULL OMX X15 AVA 4;520;19,62;-10202;SEK;0;;SEK;GB00BVZW5T14;
2017-05-26;Utdelningsportföljen;Sälj;BEAR OMX X15 AVA 4;-2800;3,71;10388;SEK;0;;SEK;GB00BVZZ0734;
2017-05-26;Utdelningsportföljen;Köp;BEAR OMX X15 AVA 4;2800;3,67;-10276;SEK;0;;SEK;GB00BVZZ0734;
2017-05-26;Utdelningsportföljen;Sälj;BULL OMX X15 AVA 4;-520;19,51;10145;SEK;0;;SEK;GB00BVZW5T14;
2017-05-26;Utdelningsportföljen;Köp;BULL OMX X15 AVA 4;520;18,99;-9875;SEK;0;;SEK;GB00BVZW5T14;
2017-05-24;Utdelningsportföljen;Sälj;BEAR OMX X15 AVA 4;-2900;3,44;9976;SEK;0;;SEK;GB00BVZZ0734;
2017-05-24;Utdelningsportföljen;Sälj;BEAR OMX X15 AVA 4;-2800;3,48;9744;SEK;0;;SEK;GB00BVZZ0734;
2017-05-24;Utdelningsportföljen;Köp;BEAR OMX X15 AVA 4;2900;3,47;-10063;SEK;0;;SEK;GB00BVZZ0734;
2017-05-24;Utdelningsportföljen;Köp;BEAR OMX X15 AVA 4;2800;3,52;-9856;SEK;0;;SEK;GB00BVZZ0734;
2017-05-24;Utdelningsportföljen;Sälj;BULL OMX X15 AVA 4;-500;20,472;10236;SEK;0;;SEK;GB00BVZW5T14;
2017-05-24;Utdelningsportföljen;Sälj;BULL OMX X15 AVA 4;-500;20,66;10330;SEK;0;;SEK;GB00BVZW5T14;
2017-05-24;Utdelningsportföljen;Sälj;BULL OMX X15 AVA 4;-500;20,1;10050;SEK;0;;SEK;GB00BVZW5T14;
2017-05-24;Utdelningsportföljen;Sälj;BULL OMX X15 AVA 4;-500;20,26;10130;SEK;0;;SEK;GB00BVZW5T14;
2017-05-24;Utdelningsportföljen;Köp;BULL OMX X15 AVA 4;500;20,66;-10330;SEK;0;;SEK;GB00BVZW5T14;
2017-05-24;Utdelningsportföljen;Köp;BULL OMX X15 AVA 4;500;19,97;-9985;SEK;0;;SEK;GB00BVZW5T14;
2017-05-24;Utdelningsportföljen;Köp;BULL OMX X15 AVA 4;500;20,31;-10155;SEK;0;;SEK;GB00BVZW5T14;
2017-05-24;Utdelningsportföljen;Köp;BULL OMX X15 AVA 4;500;20,4576;-10229;SEK;0;;SEK;GB00BVZW5T14;
2017-05-23;Utdelningsportföljen;Sälj;BEAR OMX X15 AVA 4;-2700;3,58;9666;SEK;0;;SEK;GB00BVZZ0734;
2017-05-23;Utdelningsportföljen;Sälj;BEAR OMX X15 AVA 4;-2700;3,64;9828;SEK;0;;SEK;GB00BVZZ0734;
2017-05-23;Utdelningsportföljen;Köp;BEAR OMX X15 AVA 4;2700;3,63;-9801;SEK;0;;SEK;GB00BVZZ0734;
2017-05-23;Utdelningsportföljen;Köp;BEAR OMX X15 AVA 4;2700;3,68;-9936;SEK;0;;SEK;GB00BVZZ0734;
2017-05-23;Utdelningsportföljen;Sälj;BULL OMX X15 AVA 4;-500;20,65;10325;SEK;0;;SEK;GB00BVZW5T14;
2017-05-23;Utdelningsportföljen;Sälj;BULL OMX X15 AVA 4;-520;20,25;10530;SEK;0;;SEK;GB00BVZW5T14;
2017-05-23;Utdelningsportföljen;Sälj;BULL OMX X15 AVA 4;-520;19,45;10114;SEK;0;;SEK;GB00BVZW5T14;
2017-05-23;Utdelningsportföljen;Sälj;BULL OMX X15 AVA 4;-520;19,58;10182;SEK;0;;SEK;GB00BVZW5T14;
2017-05-23;Utdelningsportföljen;Köp;BULL OMX X15 AVA 4;500;20,87;-10435;SEK;0;;SEK;GB00BVZW5T14;
2017-05-23;Utdelningsportföljen;Köp;BULL OMX X15 AVA 4;520;19,4;-10088;SEK;0;;SEK;GB00BVZW5T14;
2017-05-23;Utdelningsportföljen;Köp;BULL OMX X15 AVA 4;520;19,58;-10182;SEK;0;;SEK;GB00BVZW5T14;
2017-05-23;Utdelningsportföljen;Köp;BULL OMX X15 AVA 4;520;19,8;-10296;SEK;0;;SEK;GB00BVZW5T14;
2017-05-22;Utdelningsportföljen;Sälj;BEAR OMX X15 AVA 4;-2700;3,75;10125;SEK;0;;SEK;GB00BVZZ0734;
2017-05-22;Utdelningsportföljen;Sälj;BEAR OMX X15 AVA 4;-2700;3,86;10422;SEK;0;;SEK;GB00BVZZ0734;
2017-05-22;Utdelningsportföljen;Köp;BEAR OMX X15 AVA 4;2700;3,79;-10233;SEK;0;;SEK;GB00BVZZ0734;
2017-05-22;Utdelningsportföljen;Köp;BEAR OMX X15 AVA 4;2700;3,9;-10530;SEK;0;;SEK;GB00BVZZ0734;
2017-05-22;Utdelningsportföljen;Sälj;BULL OMX X15 AVA 4;-540;19,51;10535;SEK;0;;SEK;GB00BVZW5T14;
2017-05-22;Utdelningsportföljen;Sälj;BULL OMX X15 AVA 4;-550;18,8;10340;SEK;0;;SEK;GB00BVZW5T14;
2017-05-22;Utdelningsportföljen;Sälj;BULL OMX X15 AVA 4;-550;19,25;10588;SEK;0;;SEK;GB00BVZW5T14;
2017-05-22;Utdelningsportföljen;Sälj;BULL OMX X15 AVA 4;-420;19,87;8345;SEK;0;;SEK;GB00BVZW5T14;
2017-05-22;Utdelningsportföljen;Köp;BULL OMX X15 AVA 4;540;19,11;-10319;SEK;0;;SEK;GB00BVZW5T14;
2017-05-22;Utdelningsportföljen;Köp;BULL OMX X15 AVA 4;550;19,38;-10659;SEK;0;;SEK;GB00BVZW5T14;
2017-05-22;Utdelningsportföljen;Köp;BULL OMX X15 AVA 4;550;19,73;-10852;SEK;0;;SEK;GB00BVZW5T14;
2017-05-22;Utdelningsportföljen;Köp;BULL OMX X15 AVA 4;420;20,04;-8417;SEK;0;;SEK;GB00BVZW5T14;
2017-05-19;Utdelningsportföljen;Sälj;BULL OMX X15 AVA 4;-550;18,84;10362;SEK;0;;SEK;GB00BVZW5T14;
2017-05-19;Utdelningsportföljen;Köp;BULL OMX X15 AVA 4;550;18,47;-10159;SEK;0;;SEK;GB00BVZW5T14;
2017-05-18;Utdelningsportföljen;Sälj;BEAR OMX X15 AVA 4;-2300;4,7;10810;SEK;0;;SEK;GB00BVZZ0734;
2017-05-18;Utdelningsportföljen;Sälj;BEAR OMX X15 AVA 4;-2200;4,72;10384;SEK;0;;SEK;GB00BVZZ0734;
2017-05-18;Utdelningsportföljen;Sälj;BEAR OMX X15 AVA 4;-2200;4,7;10340;SEK;0;;SEK;GB00BVZZ0734;
2017-05-18;Utdelningsportföljen;Sälj;BEAR OMX X15 AVA 4;-2200;4,55;10010;SEK;0;;SEK;GB00BVZZ0734;
2017-05-18;Utdelningsportföljen;Köp;BEAR OMX X15 AVA 4;2300;4,64;-10672;SEK;0;;SEK;GB00BVZZ0734;
2017-05-18;Utdelningsportföljen;Köp;BEAR OMX X15 AVA 4;2200;4,61;-10142;SEK;0;;SEK;GB00BVZZ0734;
2017-05-18;Utdelningsportföljen;Köp;BEAR OMX X15 AVA 4;2200;4,76;-10472;SEK;0;;SEK;GB00BVZZ0734;
2017-05-18;Utdelningsportföljen;Köp;BEAR OMX X15 AVA 4;2200;4,45;-9790;SEK;0;;SEK;GB00BVZZ0734;
2017-05-18;Utdelningsportföljen;Sälj;BULL OMX X15 AVA 4;-600;16,26;9756;SEK;0;;SEK;GB00BVZW5T14;
2017-05-18;Utdelningsportföljen;Köp;BULL OMX X15 AVA 4;600;15,888833;-9533;SEK;0;;SEK;GB00BVZW5T14;
2017-05-17;Utdelningsportföljen;Sälj;BULL OMX X15 AVA 4;-100;20,77;2077;SEK;0;;SEK;GB00BVZW5T14;
2017-05-17;Utdelningsportföljen;Sälj;BULL OMX X15 AVA 4;-199;20,4;4060;SEK;0;;SEK;GB00BVZW5T14;
2017-05-17;Utdelningsportföljen;Sälj;BULL OMX X15 AVA 4;-440;23,51;10344;SEK;0;;SEK;GB00BVZW5T14;
2017-05-17;Utdelningsportföljen;Sälj;BULL OMX X15 AVA 4;-430;22,54;9692;SEK;0;;SEK;GB00BVZW5T14;
2017-05-17;Utdelningsportföljen;Sälj;BULL OMX X15 AVA 4;-1;20,52;11;SEK;10;;SEK;GB00BVZW5T14;
2017-05-17;Utdelningsportföljen;Köp;BULL OMX X15 AVA 4;100;20,99;-2099;SEK;0;;SEK;GB00BVZW5T14;
2017-05-17;Utdelningsportföljen;Köp;BULL OMX X15 AVA 4;200;20,74;-4148;SEK;0;;SEK;GB00BVZW5T14;
2017-05-17;Utdelningsportföljen;Köp;BULL OMX X15 AVA 4;440;22,85;-10054;SEK;0;;SEK;GB00BVZW5T14;
2017-05-17;Utdelningsportföljen;Köp;BULL OMX X15 AVA 4;430;22,76;-9787;SEK;0;;SEK;GB00BVZW5T14;
2017-05-16;Utdelningsportföljen;Sälj;BEAR OMX X15 AVA 4;-3000;3,3;9900;SEK;0;;SEK;GB00BVZZ0734;
2017-05-16;Utdelningsportföljen;Köp;BEAR OMX X15 AVA 4;3000;3,33;-9990;SEK;0;;SEK;GB00BVZZ0734;
2017-05-16;Utdelningsportföljen;Sälj;BULL OMX X15 AVA 4;-400;25,49;10196;SEK;0;;SEK;GB00BVZW5T14;
2017-05-16;Utdelningsportföljen;Köp;BULL OMX X15 AVA 4;400;25,18;-10072;SEK;0;;SEK;GB00BVZW5T14;
2017-05-15;Utdelningsportföljen;Sälj;Gapwaves B;-268;10,3;2753;SEK;7;;SEK;SE0009155518;
2017-05-15;Utdelningsportföljen;Sälj;BULL OMX X15 AVA 4;-420;23,91;10042;SEK;0;;SEK;GB00BVZW5T14;
2017-05-15;Utdelningsportföljen;Köp;BULL OMX X15 AVA 4;420;23,63;-9925;SEK;0;;SEK;GB00BVZW5T14;
2017-05-12;Utdelningsportföljen;Sälj;BEAR OMX X15 AVA 4;-2070;3,52;7286;SEK;0;;SEK;GB00BVZZ0734;
2017-05-12;Utdelningsportföljen;Köp;BEAR OMX X15 AVA 4;2070;3,55;-7349;SEK;0;;SEK;GB00BVZZ0734;
2017-05-11;Utdelningsportföljen;Sälj;BULL OMX X15 AVA 4;-310;23,75;7363;SEK;0;;SEK;GB00BVZW5T14;
2017-05-11;Utdelningsportföljen;Köp;BULL OMX X15 AVA 4;310;24;-7440;SEK;0;;SEK;GB00BVZW5T14;
2017-05-09;Utdelningsportföljen;Sälj;BEAR OMX X15 AVA 4;-2100;3,45;7245;SEK;0;;SEK;GB00BVZZ0734;
2017-05-09;Utdelningsportföljen;Köp;BEAR OMX X15 AVA 4;2100;3,42;-7182;SEK;0;;SEK;GB00BVZZ0734;
2017-05-09;Utdelningsportföljen;Sälj;BULL OMX X15 AVA 4;-290;24,94;7233;SEK;0;;SEK;GB00BVZW5T14;
2017-05-09;Utdelningsportföljen;Köp;BULL OMX X15 AVA 4;290;24,48;-7099;SEK;0;;SEK;GB00BVZW5T14;
2017-05-08;Utdelningsportföljen;Sälj;BULL OMX X15 AVA 4;-350;20,44;7154;SEK;0;;SEK;GB00BVZW5T14;
2017-05-08;Utdelningsportföljen;Sälj;BULL OMX X15 AVA 4;-340;20,8;7072;SEK;0;;SEK;GB00BVZW5T14;
2017-05-08;Utdelningsportföljen;Sälj;BULL OMX X15 AVA 4;-340;20,75;7055;SEK;0;;SEK;GB00BVZW5T14;
2017-05-08;Utdelningsportföljen;Sälj;BULL OMX X15 AVA 4;-350;21,17;7410;SEK;0;;SEK;GB00BVZW5T14;
2017-05-08;Utdelningsportföljen;Sälj;BULL OMX X15 AVA 4;-330;21,47;7085;SEK;0;;SEK;GB00BVZW5T14;
2017-05-08;Utdelningsportföljen;Köp;BULL OMX X15 AVA 4;350;20,64;-7224;SEK;0;;SEK;GB00BVZW5T14;
2017-05-08;Utdelningsportföljen;Köp;BULL OMX X15 AVA 4;340;20,43;-6946;SEK;0;;SEK;GB00BVZW5T14;
2017-05-08;Utdelningsportföljen;Köp;BULL OMX X15 AVA 4;340;21,36;-7262;SEK;0;;SEK;GB00BVZW5T14;
2017-05-08;Utdelningsportföljen;Köp;BULL OMX X15 AVA 4;350;21,52;-7532;SEK;0;;SEK;GB00BVZW5T14;
2017-05-08;Utdelningsportföljen;Köp;BULL OMX X15 AVA 4;330;22,708485;-7494;SEK;0;;SEK;GB00BVZW5T14;
2017-05-05;Utdelningsportföljen;Sälj;BEAR OMX X15 AVA 4;-1970;4,05;7979;SEK;0;;SEK;GB00BVZZ0734;
2017-05-05;Utdelningsportföljen;Köp;BEAR OMX X15 AVA 4;1970;4,09;-8057;SEK;0;;SEK;GB00BVZZ0734;
2017-05-05;Utdelningsportföljen;Sälj;BULL OMX X15 AVA 4;-370;21,28;7874;SEK;0;;SEK;GB00BVZW5T14;
2017-05-05;Utdelningsportföljen;Sälj;BULL OMX X15 AVA 4;-370;20,5;7585;SEK;0;;SEK;GB00BVZW5T14;
2017-05-05;Utdelningsportföljen;Köp;BULL OMX X15 AVA 4;370;20,51;-7589;SEK;0;;SEK;GB00BVZW5T14;
2017-05-05;Utdelningsportföljen;Köp;BULL OMX X15 AVA 4;370;20,71;-7663;SEK;0;;SEK;GB00BVZW5T14;
2017-05-04;Utdelningsportföljen;Sälj;BULL OMX X15 AVA 4;-370;21,22;7851;SEK;0;;SEK;GB00BVZW5T14;
2017-05-04;Utdelningsportföljen;Sälj;BULL OMX X15 AVA 4;-360;21,56;7762;SEK;0;;SEK;GB00BVZW5T14;
2017-05-04;Utdelningsportföljen;Sälj;BULL OMX X15 AVA 4;-360;22,15;7974;SEK;0;;SEK;GB00BVZW5T14;
2017-05-04;Utdelningsportföljen;Köp;BULL OMX X15 AVA 4;370;21,44;-7933;SEK;0;;SEK;GB00BVZW5T14;
2017-05-04;Utdelningsportföljen;Köp;BULL OMX X15 AVA 4;360;21,78;-7841;SEK;0;;SEK;GB00BVZW5T14;
2017-05-04;Utdelningsportföljen;Köp;BULL OMX X15 AVA 4;360;21,68;-7805;SEK;0;;SEK;GB00BVZW5T14;
2017-05-03;Utdelningsportföljen;Sälj;BULL OMX X15 AVA 4;-390;19,6;7644;SEK;0;;SEK;GB00BVZW5T14;
2017-05-03;Utdelningsportföljen;Sälj;BULL OMX X15 AVA 4;-380;19,85;7543;SEK;0;;SEK;GB00BVZW5T14;
2017-05-03;Utdelningsportföljen;Sälj;BULL OMX X15 AVA 4;-390;20;7800;SEK;0;;SEK;GB00BVZW5T14;
2017-05-03;Utdelningsportföljen;Köp;BULL OMX X15 AVA 4;390;19,85;-7742;SEK;0;;SEK;GB00BVZW5T14;
2017-05-03;Utdelningsportföljen;Köp;BULL OMX X15 AVA 4;380;20,05;-7619;SEK;0;;SEK;GB00BVZW5T14;
2017-05-03;Utdelningsportföljen;Köp;BULL OMX X15 AVA 4;390;20,29;-7913;SEK;0;;SEK;GB00BVZW5T14;
2017-05-02;Utdelningsportföljen;Sälj;BEAR OMX X15 AVA 4;-1750;4,39;7683;SEK;0;;SEK;GB00BVZZ0734;
2017-05-02;Utdelningsportföljen;Sälj;BEAR OMX X15 AVA 4;-1800;4,31;7758;SEK;0;;SEK;GB00BVZZ0734;
2017-05-02;Utdelningsportföljen;Sälj;BEAR OMX X15 AVA 4;-1750;4,3;7525;SEK;0;;SEK;GB00BVZZ0734;
2017-05-02;Utdelningsportföljen;Sälj;BEAR OMX X15 AVA 4;-1750;4,52;7910;SEK;0;;SEK;GB00BVZZ0734;
2017-05-02;Utdelningsportföljen;Köp;BEAR OMX X15 AVA 4;1750;4,36;-7630;SEK;0;;SEK;GB00BVZZ0734;
2017-05-02;Utdelningsportföljen;Köp;BEAR OMX X15 AVA 4;1800;4,34;-7812;SEK;0;;SEK;GB00BVZZ0734;
2017-05-02;Utdelningsportföljen;Köp;BEAR OMX X15 AVA 4;1750;4,35;-7613;SEK;0;;SEK;GB00BVZZ0734;
2017-05-02;Utdelningsportföljen;Köp;BEAR OMX X15 AVA 4;1750;4,6;-8050;SEK;0;;SEK;GB00BVZZ0734;
2017-05-02;Utdelningsportföljen;Sälj;BULL OMX X15 AVA 4;-380;20,67;7855;SEK;0;;SEK;GB00BVZW5T14;
2017-05-02;Utdelningsportföljen;Sälj;BULL OMX X15 AVA 4;-380;20,57;7817;SEK;0;;SEK;GB00BVZW5T14;
2017-05-02;Utdelningsportföljen;Sälj;BULL OMX X15 AVA 4;-370;20,4;7548;SEK;0;;SEK;GB00BVZW5T14;
2017-05-02;Utdelningsportföljen;Köp;BULL OMX X15 AVA 4;380;20,22;-7684;SEK;0;;SEK;GB00BVZW5T14;
2017-05-02;Utdelningsportföljen;Köp;BULL OMX X15 AVA 4;380;20,17;-7665;SEK;0;;SEK;GB00BVZW5T14;
2017-05-02;Utdelningsportföljen;Köp;BULL OMX X15 AVA 4;370;20,62;-7629;SEK;0;;SEK;GB00BVZW5T14;
2017-04-28;Utdelningsportföljen;Sälj;BEAR OMX X15 AVA 4;-1600;4,8;7680;SEK;0;;SEK;GB00BVZZ0734;
2017-04-28;Utdelningsportföljen;Sälj;BEAR OMX X15 AVA 4;-1600;4,86;7776;SEK;0;;SEK;GB00BVZZ0734;
2017-04-28;Utdelningsportföljen;Sälj;BEAR OMX X15 AVA 4;-1500;4,97;7455;SEK;0;;SEK;GB00BVZZ0734;
2017-04-28;Utdelningsportföljen;Köp;BEAR OMX X15 AVA 4;1600;4,85;-7760;SEK;0;;SEK;GB00BVZZ0734;
2017-04-28;Utdelningsportföljen;Köp;BEAR OMX X15 AVA 4;1600;4,91;-7856;SEK;0;;SEK;GB00BVZZ0734;
2017-04-28;Utdelningsportföljen;Köp;BEAR OMX X15 AVA 4;1500;4,99;-7485;SEK;0;;SEK;GB00BVZZ0734;
2017-04-28;Utdelningsportföljen;Sälj;BULL OMX X15 AVA 4;-430;18,25;7848;SEK;0;;SEK;GB00BVZW5T14;
2017-04-28;Utdelningsportföljen;Sälj;BULL OMX X15 AVA 4;-440;18,33;8065;SEK;0;;SEK;GB00BVZW5T14;
2017-04-28;Utdelningsportföljen;Köp;BULL OMX X15 AVA 4;430;17,92;-7706;SEK;0;;SEK;GB00BVZW5T14;
2017-04-28;Utdelningsportföljen;Köp;BULL OMX X15 AVA 4;440;17,88;-7867;SEK;0;;SEK;GB00BVZW5T14;
2017-04-28;Huvudkontot;Övrigt;Moms;;;-199,8;SEK;0;;;;
2017-04-28;Huvudkontot;Övrigt;Online Trader;;;-799,2;SEK;0;;;;
2017-04-27;Utdelningsportföljen;Sälj;BEAR OMX X15 AVA 4;-1550;5,15;7983;SEK;0;;SEK;GB00BVZZ0734;
2017-04-27;Utdelningsportföljen;Sälj;BEAR OMX X15 AVA 4;-1400;5,17;7238;SEK;0;;SEK;GB00BVZZ0734;
2017-04-27;Utdelningsportföljen;Köp;BEAR OMX X15 AVA 4;1550;5,04;-7812;SEK;0;;SEK;GB00BVZZ0734;
2017-04-27;Utdelningsportföljen;Köp;BEAR OMX X15 AVA 4;1400;5,02;-7028;SEK;0;;SEK;GB00BVZZ0734;
2017-04-27;Utdelningsportföljen;Sälj;BULL OMX X15 AVA 4;-450;17,49;7871;SEK;0;;SEK;GB00BVZW5T14;
2017-04-27;Utdelningsportföljen;Sälj;BULL OMX X15 AVA 4;-420;17,95;7539;SEK;0;;SEK;GB00BVZW5T14;
2017-04-27;Utdelningsportföljen;Köp;BULL OMX X15 AVA 4;450;17,7;-7965;SEK;0;;SEK;GB00BVZW5T14;
2017-04-27;Utdelningsportföljen;Köp;BULL OMX X15 AVA 4;420;17,53;-7363;SEK;0;;SEK;GB00BVZW5T14;
2017-04-27;Huvudkontot;Övrigt;Moms;;;-15;SEK;0;;;;
2017-04-27;Huvudkontot;Övrigt;K4-/K11-underlag;;;-60;SEK;0;;;;
2017-04-27;Huvudkontot;Insättning;Direktinsättning från Handelsbanken;;;600;SEK;0;;;;
2017-04-27;Huvudkontot;Insättning;Överföring från Avanzakonto 3028640;;;115;SEK;0;;;;
2017-04-27;Utdelningsportföljen;Uttag;Överföring till Avanzakonto 4007528;;;-115;SEK;0;;;;
2017-04-26;Utdelningsportföljen;Sälj;BEAR OMX X15 AVA 4;-1200;5,3;6360;SEK;0;;SEK;GB00BVZZ0734;
2017-04-26;Utdelningsportföljen;Köp;BEAR OMX X15 AVA 4;1200;5,35;-6420;SEK;0;;SEK;GB00BVZZ0734;
2017-04-26;Utdelningsportföljen;Sälj;BULL OMX X15 AVA 4;-400;16,99;6796;SEK;0;;SEK;GB00BVZW5T14;
2017-04-26;Utdelningsportföljen;Sälj;BULL OMX X15 AVA 4;-400;17,79;7116;SEK;0;;SEK;GB00BVZW5T14;
2017-04-26;Utdelningsportföljen;Sälj;BULL OMX X15 AVA 4;-400;16,1;6440;SEK;0;;SEK;GB00BVZW5T14;
2017-04-26;Utdelningsportföljen;Köp;BULL OMX X15 AVA 4;400;16,67;-6668;SEK;0;;SEK;GB00BVZW5T14;
2017-04-26;Utdelningsportföljen;Köp;BULL OMX X15 AVA 4;400;16,33;-6532;SEK;0;;SEK;GB00BVZW5T14;
2017-04-26;Utdelningsportföljen;Köp;BULL OMX X15 AVA 4;400;16,42;-6568;SEK;0;;SEK;GB00BVZW5T14;
2017-04-25;Utdelningsportföljen;Sälj;BULL OMX X15 AVA 4;-415;16,54;6864;SEK;0;;SEK;GB00BVZW5T14;
2017-04-25;Utdelningsportföljen;Sälj;BULL OMX X15 AVA 4;-415;16,43;6818;SEK;0;;SEK;GB00BVZW5T14;
2017-04-25;Utdelningsportföljen;Köp;BULL OMX X15 AVA 4;415;16,05;-6661;SEK;0;;SEK;GB00BVZW5T14;
2017-04-25;Utdelningsportföljen;Köp;BULL OMX X15 AVA 4;415;16,58;-6881;SEK;0;;SEK;GB00BVZW5T14;
2017-04-25;Utdelningsportföljen;Sälj;POWERCELL;-140;45,7;6382;SEK;16;;SEK;SE0006425815;
2017-04-25;Utdelningsportföljen;Sälj;POWERCELL;-140;46,8;6536;SEK;16;;SEK;SE0006425815;
2017-04-25;Utdelningsportföljen;Köp;POWERCELL;140;46,2;-6484;SEK;16;;SEK;SE0006425815;
2017-04-25;Utdelningsportföljen;Köp;POWERCELL;140;47,3;-6639;SEK;17;;SEK;SE0006425815;
2017-04-21;Utdelningsportföljen;Sälj;SSAB B;-145;31,51;4569;SEK;0;;SEK;SE0000120669;
2017-04-20;Utdelningsportföljen;Sälj;POWERCELL;-30;41,4;1239;SEK;3;;SEK;SE0006425815;
2017-04-20;Utdelningsportföljen;Sälj;POWERCELL;-56;41,5;2318;SEK;6;;SEK;SE0006425815;
2017-04-20;Utdelningsportföljen;Köp;POWERCELL;30;42,8;-1287;SEK;3;;SEK;SE0006425815;
2017-04-20;Utdelningsportföljen;Köp;POWERCELL;56;40;-2246;SEK;6;;SEK;SE0006425815;
2017-04-19;Utdelningsportföljen;Sälj;ISR IMMUNE SYSTEM AB   (F D NATALZ AB);-40;12,8;511;SEK;1;;SEK;SE0008212195;
2017-04-19;Utdelningsportföljen;Köp;ISR IMMUNE SYSTEM AB   (F D NATALZ AB);40;13,75;-551;SEK;1;;SEK;SE0008212195;
2017-04-19;Utdelningsportföljen;Sälj;BULL OMX X15 AVA 4;-220;10,92;2402;SEK;0;;SEK;GB00BVZW5T14;
2017-04-19;Utdelningsportföljen;Köp;BULL OMX X15 AVA 4;220;10,46;-2301;SEK;0;;SEK;GB00BVZW5T14;
2017-04-18;Utdelningsportföljen;Sälj;BULL OMX X15 AVA 4;-220;10,32;2270;SEK;0;;SEK;GB00BVZW5T14;
2017-04-18;Utdelningsportföljen;Köp;BULL OMX X15 AVA 4;220;10,36;-2279;SEK;0;;SEK;GB00BVZW5T14;
2017-04-18;Utdelningsportföljen;Köp;SSAB B;100;28,1;-2810;SEK;0;;SEK;SE0000120669;
2017-04-18;Utdelningsportföljen;Köp;SSAB B;45;28,24;-1271;SEK;0;;SEK;SE0000120669;
2017-04-18;Utdelningsportföljen;Insättning;Direktinsättning från Handelsbanken;;;2000;SEK;0;;;;
2017-04-12;Utdelningsportföljen;Sälj;BEAR OMX X15 AVA 4;-350;8,38;2933;SEK;0;;SEK;GB00BVZZ0734;
2017-04-12;Utdelningsportföljen;Sälj;BEAR OMX X15 AVA 4;-350;8,1;2835;SEK;0;;SEK;GB00BVZZ0734;
2017-04-12;Utdelningsportföljen;Sälj;BEAR OMX X15 AVA 4;-355;8,38;2975;SEK;0;;SEK;GB00BVZZ0734;
2017-04-12;Utdelningsportföljen;Köp;BEAR OMX X15 AVA 4;350;8,25;-2888;SEK;0;;SEK;GB00BVZZ0734;
2017-04-12;Utdelningsportföljen;Köp;BEAR OMX X15 AVA 4;350;8,4;-2940;SEK;0;;SEK;GB00BVZZ0734;
2017-04-12;Utdelningsportföljen;Köp;BEAR OMX X15 AVA 4;355;8,85;-3142;SEK;0;;SEK;GB00BVZZ0734;
2017-04-12;Utdelningsportföljen;Sälj;BULL OMX X15 AVA 4;-250;12,57;3143;SEK;0;;SEK;GB00BVZW5T14;
2017-04-12;Utdelningsportföljen;Köp;BULL OMX X15 AVA 4;250;13,14;-3285;SEK;0;;SEK;GB00BVZW5T14;
2017-04-11;Utdelningsportföljen;Sälj;BEAR OMX X15 AVA 4;-300;8,85;2655;SEK;0;;SEK;GB00BVZZ0734;
2017-04-11;Utdelningsportföljen;Köp;BEAR OMX X15 AVA 4;300;9,2;-2760;SEK;0;;SEK;GB00BVZZ0734;
2017-04-11;Utdelningsportföljen;Sälj;BULL OMX X15 AVA 4;-230;12,35;2841;SEK;0;;SEK;GB00BVZW5T14;
2017-04-11;Utdelningsportföljen;Sälj;BULL OMX X15 AVA 4;-230;11,88;2732;SEK;0;;SEK;GB00BVZW5T14;
2017-04-11;Utdelningsportföljen;Köp;BULL OMX X15 AVA 4;230;11,97;-2753;SEK;0;;SEK;GB00BVZW5T14;
2017-04-11;Utdelningsportföljen;Köp;BULL OMX X15 AVA 4;230;11,97;-2753;SEK;0;;SEK;GB00BVZW5T14;
2017-04-10;Utdelningsportföljen;Sälj;BEAR OMX X15 AVA 4;-300;9,74;2922;SEK;0;;SEK;GB00BVZZ0734;
2017-04-10;Utdelningsportföljen;Sälj;BEAR OMX X15 AVA 4;-126;9,42;1187;SEK;0;;SEK;GB00BVZZ0734;
2017-04-10;Utdelningsportföljen;Köp;BEAR OMX X15 AVA 4;300;9,44;-2832;SEK;0;;SEK;GB00BVZZ0734;
2017-04-10;Utdelningsportföljen;Köp;BEAR OMX X15 AVA 4;126;9,55;-1203;SEK;0;;SEK;GB00BVZZ0734;
2017-04-10;Utdelningsportföljen;Sälj;NOKIA OY - SVERIGE;-45;47,8;2151;SEK;0;;SEK;FI0009000681;
2017-04-07;Utdelningsportföljen;Sälj;BULL OMX X15 AVA 4;-110;10,66;1173;SEK;0;;SEK;GB00BVZW5T14;
2017-04-07;Utdelningsportföljen;Köp;BULL OMX X15 AVA 4;110;10,93;-1202;SEK;0;;SEK;GB00BVZW5T14;
2017-04-06;Utdelningsportföljen;Sälj;BULL OMX X15 AVA 4;-40;10,79;413;SEK;19;;SEK;GB00BVZW5T14;
2017-04-06;Utdelningsportföljen;Köp;BULL OMX X15 AVA 4;40;10,43;-436;SEK;19;;SEK;GB00BVZW5T14;
2017-04-04;Utdelningsportföljen;Sälj;POWERCELL;-30;35,3;1056;SEK;3;;SEK;SE0006425815;
2017-04-04;Utdelningsportföljen;Sälj;POWERCELL;-22;35,5;779;SEK;2;;SEK;SE0006425815;
2017-04-04;Utdelningsportföljen;Sälj;POWERCELL;-22;36,6;803;SEK;2;;SEK;SE0006425815;
2017-04-04;Utdelningsportföljen;Köp;POWERCELL;30;36,1;-1086;SEK;3;;SEK;SE0006425815;
2017-04-04;Utdelningsportföljen;Köp;POWERCELL;22;36,3;-801;SEK;2;;SEK;SE0006425815;
2017-04-04;Utdelningsportföljen;Köp;POWERCELL;22;37;-816;SEK;2;;SEK;SE0006425815;
2017-04-03;Utdelningsportföljen;Sälj;KINDRED GROUP LTD SDB (F D UNIBET GROUP);-18;95,55;1720;SEK;0;;SEK;SE0007871645;
2017-04-03;Utdelningsportföljen;Köp;KINDRED GROUP LTD SDB (F D UNIBET GROUP);9;94;-846;SEK;0;;SEK;SE0007871645;
2017-04-03;Utdelningsportföljen;Köp;KINDRED GROUP LTD SDB (F D UNIBET GROUP);9;94,55;-851;SEK;0;;SEK;SE0007871645;
2017-04-03;Utdelningsportföljen;Sälj;POWERCELL;-24;34,9;836;SEK;2;;SEK;SE0006425815;
2017-04-03;Utdelningsportföljen;Köp;POWERCELL;24;32,8;-789;SEK;2;;SEK;SE0006425815;
2017-03-31;Huvudkontot;Övrigt;Moms;;;-179,8;SEK;0;;;;
2017-03-31;Huvudkontot;Övrigt;Online Trader;;;-719,2;SEK;0;;;;
2017-03-31;Utdelningsportföljen;Sälj;POWERCELL;-15;30,6;458;SEK;1;;SEK;SE0006425815;
2017-03-31;Utdelningsportföljen;Köp;POWERCELL;15;29,1;-438;SEK;1;;SEK;SE0006425815;
2017-03-29;Utdelningsportföljen;Sälj;SSAB B;-30;29,48;884;SEK;0;;SEK;SE0000120669;
2017-03-29;Huvudkontot;Insättning;Direktinsättning från Handelsbanken;;;1000;SEK;0;;;;
2017-03-27;Utdelningsportföljen;Köp;SSAB B;30;28,58;-857;SEK;0;;SEK;SE0000120669;
2017-03-23;Utdelningsportföljen;Sälj;KINDRED GROUP LTD SDB (F D UNIBET GROUP);-20;87,6;1752;SEK;0;;SEK;SE0007871645;
2017-03-21;Utdelningsportföljen;Sälj;FINGERPRINT CARDS B;-20;34,2;684;SEK;0;;SEK;SE0008374250;
2017-03-21;Utdelningsportföljen;Köp;FINGERPRINT CARDS B;20;38,05;-761;SEK;0;;SEK;SE0008374250;
2017-03-17;Utdelningsportföljen;Köp;KINDRED GROUP LTD SDB (F D UNIBET GROUP);10;86,45;-865;SEK;0;;SEK;SE0007871645;
2017-03-14;Utdelningsportföljen;Köp;KINDRED GROUP LTD SDB (F D UNIBET GROUP);10;86,7;-867;SEK;0;;SEK;SE0007871645;
2017-03-14;Utdelningsportföljen;Köp;NOKIA OY - SVERIGE;45;47,46;-2136;SEK;0;;SEK;FI0009000681;
2017-03-13;Utdelningsportföljen;Sälj;BIMOBJECT AB;-21;37,4;783;SEK;2;;SEK;SE0009382906;
2017-03-13;Utdelningsportföljen;Sälj;AAC CLYDE SPACE   (FD ÅAC MICROTEC);-100;8,2;818;SEK;2;;SEK;SE0009268154;
2017-03-13;Utdelningsportföljen;Sälj;SOLTECH ENERGY;-55;14,2;779;SEK;2;;SEK;SE0005392537;
2017-03-10;Utdelningsportföljen;Köp;AAC CLYDE SPACE   (FD ÅAC MICROTEC);100;8,55;-857;SEK;2;;SEK;SE0009268154;
2017-03-10;Utdelningsportföljen;Sälj;ALLGON B;-62;13,45;832;SEK;2;;SEK;SE0008374003;
2017-03-10;Utdelningsportföljen;Köp;SOLTECH ENERGY;55;14,8;-816;SEK;2;;SEK;SE0005392537;
2017-03-10;Utdelningsportföljen;Sälj;SSAB B;-55;30,15;1658;SEK;0;;SEK;SE0000120669;
2017-03-09;Utdelningsportföljen;Sälj;AAC CLYDE SPACE   (FD ÅAC MICROTEC);-80;8,85;706;SEK;2;;SEK;SE0009268154;
2017-03-09;Utdelningsportföljen;Köp;ALLGON B;62;13,05;-811;SEK;2;;SEK;SE0008374003;
2017-03-09;Utdelningsportföljen;Köp;SSAB B;28;29,52;-827;SEK;0;;SEK;SE0000120669;
2017-03-09;Utdelningsportföljen;Köp;SSAB B;27;29,76;-804;SEK;0;;SEK;SE0000120669;
2017-03-08;Utdelningsportföljen;Köp;BIMOBJECT AB;21;39,3;-827;SEK;2;;SEK;SE0009382906;
2017-03-08;Utdelningsportföljen;Sälj;AAC CLYDE SPACE   (FD ÅAC MICROTEC);-80;9,95;794;SEK;2;;SEK;SE0009268154;
2017-03-08;Utdelningsportföljen;Köp;AAC CLYDE SPACE   (FD ÅAC MICROTEC);80;10;-802;SEK;2;;SEK;SE0009268154;
2017-03-08;Utdelningsportföljen;Köp;AAC CLYDE SPACE   (FD ÅAC MICROTEC);80;10,2;-818;SEK;2;;SEK;SE0009268154;
2017-03-08;Utdelningsportföljen;Sälj;TRANSTEMA GROUP;-15;54;808;SEK;2;;SEK;SE0006758587;
2017-03-08;Utdelningsportföljen;Köp;TRANSTEMA GROUP;15;55;-827;SEK;2;;SEK;SE0006758587;
2017-03-08;Utdelningsportföljen;Sälj;SSAB B;-98;30,47;2986;SEK;0;;SEK;SE0000120669;
2017-03-07;Utdelningsportföljen;Sälj;SOLTECH ENERGY;-50;15,1;753;SEK;2;;SEK;SE0005392537;
2017-03-07;Utdelningsportföljen;Köp;SSAB B;28;29,63;-830;SEK;0;;SEK;SE0000120669;
2017-03-06;Utdelningsportföljen;Sälj;MYFC HOLDING;-23;18,6;427;SEK;1;;SEK;SE0005505898;
2017-03-06;Utdelningsportföljen;Köp;MYFC HOLDING;23;18;-415;SEK;1;;SEK;SE0005505898;
2017-02-28;Utdelningsportföljen;Köp;SSAB B;25;29,6;-740;SEK;0;;SEK;SE0000120669;
2017-02-28;Huvudkontot;Övrigt;Moms;;;-179,8;SEK;0;;;;
2017-02-28;Huvudkontot;Övrigt;Online Trader;;;-719,2;SEK;0;;;;
2017-02-27;Utdelningsportföljen;Sälj;MOTION DISPLAY SCSANDINAVIA AB;-30;15,6;449;SEK;19;;SEK;SE0005798923;
2017-02-22;Utdelningsportföljen;Sälj;TRANSTEMA GROUP;-20;65;1297;SEK;3;;SEK;SE0006758587;
2017-02-21;Utdelningsportföljen;Köp;SOLTECH ENERGY;50;15,4;-772;SEK;2;;SEK;SE0005392537;
2017-02-21;Utdelningsportföljen;Insättning;Direktinsättning från Handelsbanken;;;2000;SEK;0;;;;
2017-02-20;Utdelningsportföljen;Köp;TRANSTEMA GROUP;20;63,25;-1268;SEK;3;;SEK;SE0006758587;
2017-02-20;Utdelningsportföljen;Köp;MOTION DISPLAY SCSANDINAVIA AB;30;17,4;-541;SEK;19;;SEK;SE0005798923;
2017-02-20;Utdelningsportföljen;Köp;SSAB B;45;31;-1395;SEK;0;;SEK;SE0000120669;
2017-02-14;Utdelningsportföljen;Sälj;SSAB B;-45;32,5;1463;SEK;0;;SEK;SE0000120669;
2017-02-13;Utdelningsportföljen;Sälj;GRÄNGES;-20;83;1660;SEK;0;;SEK;SE0006288015;
2017-02-13;Utdelningsportföljen;Köp;SSAB B;45;33,05;-1487;SEK;0;;SEK;SE0000120669;
2017-02-10;Utdelningsportföljen;Sälj;HUSQVARNA AK B;-20;72,7;1454;SEK;0;;SEK;SE0001662230;
2017-02-09;Utdelningsportföljen;Köp;HUSQVARNA AK B;20;71,1;-1422;SEK;0;;SEK;SE0001662230;
2017-02-09;Utdelningsportföljen;Sälj;SECURITAS B;-10;133,5;1335;SEK;0;;SEK;SE0000163594;
2017-02-08;Utdelningsportföljen;Köp;SECURITAS B;10;134,5;-1345;SEK;0;;SEK;SE0000163594;
2017-02-07;Utdelningsportföljen;Köp;GRÄNGES;20;86,25;-1725;SEK;0;;SEK;SE0006288015;
2017-02-07;Utdelningsportföljen;Sälj;STARBREEZE B;-90;16,8;1508;SEK;4;;SEK;SE0005992831;
2017-02-07;Utdelningsportföljen;Sälj;SECURITAS B;-10;131,8;1318;SEK;0;;SEK;SE0000163594;
2017-02-07;Utdelningsportföljen;Sälj;SECURITAS B;-10;134,2;1342;SEK;0;;SEK;SE0000163594;
2017-02-07;Utdelningsportföljen;Köp;SECURITAS B;10;133,2;-1332;SEK;0;;SEK;SE0000163594;
2017-02-07;Utdelningsportföljen;Köp;SECURITAS B;10;134,2;-1342;SEK;0;;SEK;SE0000163594;
2017-02-06;Utdelningsportföljen;Sälj;GRÄNGES;-18;85,75;1544;SEK;0;;SEK;SE0006288015;
2017-02-06;Utdelningsportföljen;Köp;GRÄNGES;18;84,75;-1526;SEK;0;;SEK;SE0006288015;
2017-02-06;Utdelningsportföljen;Köp;STARBREEZE B;90;17,3;-1561;SEK;4;;SEK;SE0005992831;
2017-02-06;Utdelningsportföljen;Sälj;SSAB B;-50;31;1550;SEK;0;;SEK;SE0000120669;
2017-02-03;Utdelningsportföljen;Sälj;GRÄNGES;-25;83,5;2088;SEK;0;;SEK;SE0006288015;
2017-02-03;Utdelningsportföljen;Köp;GRÄNGES;25;82,75;-2069;SEK;0;;SEK;SE0006288015;
2017-02-03;Utdelningsportföljen;Sälj;SSAB B;-50;30,85;1543;SEK;0;;SEK;SE0000120669;
2017-02-03;Utdelningsportföljen;Köp;SSAB B;50;30,66;-1533;SEK;0;;SEK;SE0000120669;
2017-02-02;Utdelningsportföljen;Köp;SSAB B;50;30,32;-1516;SEK;0;;SEK;SE0000120669;
2017-02-01;Utdelningsportföljen;Sälj;SSAB B;-50;30,39;1520;SEK;0;;SEK;SE0000120669;
2017-02-01;Utdelningsportföljen;Köp;SSAB B;50;29,91;-1496;SEK;0;;SEK;SE0000120669;
2017-01-31;Utdelningsportföljen;Sälj;SSAB B;-50;29,4;1470;SEK;0;;SEK;SE0000120669;
2017-01-31;Utdelningsportföljen;Köp;SSAB B;50;29,45;-1473;SEK;0;;SEK;SE0000120669;
2017-01-30;Utdelningsportföljen;Sälj;SSAB B;-100;29,75;2975;SEK;0;;SEK;SE0000120669;
2017-01-30;Utdelningsportföljen;Köp;SSAB B;100;30,5;-3050;SEK;0;;SEK;SE0000120669;
2017-01-30;Huvudkontot;Insättning;Överföring från Avanzakonto 3028640;;;900;SEK;0;;;;
2017-01-30;Utdelningsportföljen;Uttag;Överföring till Avanzakonto 4007528;;;-900;SEK;0;;;;
2017-01-30;Utdelningsportföljen;Insättning;Överföring från Collector 4163401;;;900;SEK;0;;;;
2017-01-27;Utdelningsportföljen;Sälj;SSAB B;-100;30,85;3085;SEK;0;;SEK;SE0000120669;
2017-01-27;Utdelningsportföljen;Köp;SSAB B;100;30,4;-3040;SEK;0;;SEK;SE0000120669;
2017-01-25;Utdelningsportföljen;Sälj;NEXSTIM OYJ;-740;2,19;1617;SEK;4;;SEK;FI4000102678;
2017-01-25;Utdelningsportföljen;Köp;NEXSTIM OYJ;740;2,11;-1565;SEK;4;;SEK;FI4000102678;
2017-01-25;Utdelningsportföljen;Sälj;SaltX Technology Holding B;-70;22,2;1550;SEK;4;;SEK;SE0005308541;
2017-01-25;Utdelningsportföljen;Sälj;SSAB B;-50;29,63;1482;SEK;0;;SEK;SE0000120669;
2017-01-25;Utdelningsportföljen;Köp;SSAB B;50;30,06;-1503;SEK;0;;SEK;SE0000120669;
2017-01-24;Utdelningsportföljen;Köp;SaltX Technology Holding B;70;21,8;-1530;SEK;4;;SEK;SE0005308541;
2017-01-24;Utdelningsportföljen;Sälj;SSAB B;-50;28,9;1445;SEK;0;;SEK;SE0000120669;
2017-01-24;Utdelningsportföljen;Köp;SSAB B;50;28,34;-1417;SEK;0;;SEK;SE0000120669;
2017-01-23;Utdelningsportföljen;Sälj;FINGERPRINT CARDS B;-20;55,5;1110;SEK;0;;SEK;SE0008374250;
2017-01-23;Utdelningsportföljen;Köp;FINGERPRINT CARDS B;20;55,8;-1116;SEK;0;;SEK;SE0008374250;
2017-01-23;Utdelningsportföljen;Sälj;IMINT IMAGE INTELLIG;-15;72,25;1065;SEK;19;;SEK;SE0007692124;
2017-01-23;Utdelningsportföljen;Köp;IMINT IMAGE INTELLIG;15;74;-1129;SEK;19;;SEK;SE0007692124;
2017-01-23;Utdelningsportföljen;Sälj;MYFC HOLDING;-60;19,2;1149;SEK;3;;SEK;SE0005505898;
2017-01-23;Utdelningsportföljen;Sälj;MYFC HOLDING;-60;19,8;1185;SEK;3;;SEK;SE0005505898;
2017-01-23;Utdelningsportföljen;Köp;MYFC HOLDING;60;19,6;-1179;SEK;3;;SEK;SE0005505898;
2017-01-23;Utdelningsportföljen;Köp;MYFC HOLDING;60;19,4;-1167;SEK;3;;SEK;SE0005505898;
2017-01-23;Utdelningsportföljen;Sälj;SaltX Technology Holding B;-100;19,5;1945;SEK;5;;SEK;SE0005308541;
2017-01-20;Utdelningsportföljen;Sälj;MYFC HOLDING;-60;19,8;1185;SEK;3;;SEK;SE0005505898;
2017-01-20;Utdelningsportföljen;Köp;MYFC HOLDING;60;20,1;-1209;SEK;3;;SEK;SE0005505898;
2017-01-17;Utdelningsportföljen;Sälj;AFRICA OIL;-55;18,69;1028;SEK;0;;SEK;CA00829Q1019;
2017-01-17;Utdelningsportföljen;Köp;AFRICA OIL;55;19,7;-1084;SEK;0;;SEK;CA00829Q1019;
2017-01-16;Utdelningsportföljen;Sälj;NEXSTIM OYJ;-500;2,63;1312;SEK;3;;SEK;FI4000102678;
2017-01-16;Utdelningsportföljen;Sälj;NEXSTIM OYJ;-400;2,77;1105;SEK;3;;SEK;FI4000102678;
2017-01-16;Utdelningsportföljen;Sälj;NEXSTIM OYJ;-400;2,8;1117;SEK;3;;SEK;FI4000102678;
2017-01-16;Utdelningsportföljen;Sälj;NEXSTIM OYJ;-400;2,9;1157;SEK;3;;SEK;FI4000102678;
2017-01-16;Utdelningsportföljen;Sälj;NEXSTIM OYJ;-400;2,85;1137;SEK;3;;SEK;FI4000102678;
2017-01-16;Utdelningsportföljen;Sälj;NEXSTIM OYJ;-400;2,49;994;SEK;2;;SEK;FI4000102678;
2017-01-16;Utdelningsportföljen;Köp;NEXSTIM OYJ;500;2,74;-1373;SEK;3;;SEK;FI4000102678;
2017-01-16;Utdelningsportföljen;Köp;NEXSTIM OYJ;400;2,74;-1099;SEK;3;;SEK;FI4000102678;
2017-01-16;Utdelningsportföljen;Köp;NEXSTIM OYJ;400;2,85;-1143;SEK;3;;SEK;FI4000102678;
2017-01-16;Utdelningsportföljen;Köp;NEXSTIM OYJ;400;2,85;-1143;SEK;3;;SEK;FI4000102678;
2017-01-16;Utdelningsportföljen;Köp;NEXSTIM OYJ;400;2,8;-1123;SEK;3;;SEK;FI4000102678;
2017-01-16;Utdelningsportföljen;Köp;NEXSTIM OYJ;400;2,46;-986;SEK;2;;SEK;FI4000102678;
2017-01-12;Utdelningsportföljen;Sälj;BOLIDEN;-2;253;506;SEK;0;;SEK;SE0000869646;
2017-01-12;Utdelningsportföljen;Sälj;FEELGOOD;-400;2,38;952;SEK;0;;SEK;SE0000381840;
2017-01-12;Utdelningsportföljen;Köp;FEELGOOD;400;2,35;-940;SEK;0;;SEK;SE0000381840;
2017-01-11;Utdelningsportföljen;Köp;BOLIDEN;2;251,4;-503;SEK;0;;SEK;SE0000869646;
2017-01-10;Utdelningsportföljen;Sälj;LUNDIN ENERGY;-7;194,6;1362;SEK;0;;SEK;SE0000825820;
2017-01-10;Utdelningsportföljen;Köp;LUNDIN ENERGY;7;193,9;-1357;SEK;0;;SEK;SE0000825820;
2017-01-04;Utdelningsportföljen;Köp;SaltX Technology Holding B;100;17,8;-1784;SEK;4;;SEK;SE0005308541;
2017-01-03;Utdelningsportföljen;Insättning;Direktinsättning från Handelsbanken;;;3000;SEK;0;;;;
2016-12-22;Utdelningsportföljen;Köp;Gapwaves B;140;13,95;-1958;SEK;5;;SEK;SE0009155518;
2016-12-21;Utdelningsportföljen;Sälj;HANSA BIOPHARMA AB;-18;117;2106;SEK;0;;SEK;SE0002148817;
2016-12-21;Utdelningsportföljen;Köp;HANSA BIOPHARMA AB;18;108;-1944;SEK;0;;SEK;SE0002148817;
2016-12-20;Utdelningsportföljen;Köp;Gapwaves B;128;15,7;-2015;SEK;5;;SEK;SE0009155518;
2016-12-16;Utdelningsportföljen;Sälj;MYFC HOLDING;-60;17,4;1041;SEK;3;;SEK;SE0005505898;
2016-12-13;Utdelningsportföljen;Insättning;Direktinsättning från Handelsbanken;;;3000;SEK;0;;;;
2016-12-12;Utdelningsportföljen;Köp;MYFC HOLDING;60;14,4;-866;SEK;2;;SEK;SE0005505898;
2016-12-07;Utdelningsportföljen;Sälj;MYFC HOLDING;-50;16,9;843;SEK;2;;SEK;SE0005505898;
2016-12-06;Utdelningsportföljen;Köp;MYFC HOLDING;20;19,2;-385;SEK;1;;SEK;SE0005505898;
2016-12-06;Utdelningsportföljen;Köp;MYFC HOLDING;30;21,2;-638;SEK;2;;SEK;SE0005505898;
2016-12-05;Utdelningsportföljen;Sälj;SaltX Technology Holding B;-50;13,3;663;SEK;2;;SEK;SE0005308541;
2016-12-02;Utdelningsportföljen;Köp;SaltX Technology Holding B;50;11;-551;SEK;1;;SEK;SE0005308541;
2016-11-29;Utdelningsportföljen;Sälj;H&M B;-3;267,5;803;SEK;0;;SEK;SE0000106270;
2016-11-18;Utdelningsportföljen;Köp;H&M B;3;269,9;-810;SEK;0;;SEK;SE0000106270;
2016-11-17;Utdelningsportföljen;Sälj;ASSA ABLOY B;-5;170,5;853;SEK;0;;SEK;SE0007100581;
2016-11-16;Utdelningsportföljen;Köp;ASSA ABLOY B;5;168,4;-881;SEK;39;;SEK;SE0007100581;
2016-11-01;Utdelningsportföljen;Insättning;Överföring från Avanzakonto 4007528;;;1000;SEK;0;;;;
2016-11-01;Huvudkontot;Uttag;Överföring till Avanzakonto 3028640;;;-1000;SEK;0;;;;
2016-04-14;Huvudkontot;Sälj;HANSA BIOPHARMA AB;-31;43,6;1313;SEK;39;;SEK;SE0002148817;
2015-11-30;Huvudkontot;Ränta;Skuldränta;;;-1,07;SEK;0;;;;
2015-04-13;Huvudkontot;Övrigt;HANSA MEDICAL TR 150317;-31;;;;0;;;SE0006887543;
2015-03-31;Huvudkontot;Ränta;Skuldränta;;;-1,01;SEK;0;;;;
2015-03-18;Huvudkontot;Övrigt;HANSA MEDICAL TR 150317;31;;;;0;;;SE0006887543;
2014-08-29;Huvudkontot;Ränta;Skuldränta;;;-1;SEK;0;;;;
2014-06-19;Huvudkontot;Övrigt;HANSA MEDICAL TR 140321;-31;;;;0;;;SE0005797347;
2014-03-24;Huvudkontot;Övrigt;HANSA MEDICAL TR 140321;31;;;;0;;;SE0005797347;
2014-01-29;Huvudkontot;Köp;HANSA BIOPHARMA AB;26;14,5;-416;SEK;39;;SEK;SE0002148817;
2014-01-29;Huvudkontot;Sälj;FASTILIUM PROPERTY    (F D CHRONTECH);-77;0,18;7;SEK;7;;SEK;SE0001831017;
2014-01-28;Huvudkontot;Insättning;Insättning SEED;;;500;SEK;0;;;;
2014-01-27;Huvudkontot;Sälj;HANSA BIOPHARMA AB;-5;17,5;49;SEK;39;;SEK;SE0002148817;
2014-01-27;Huvudkontot;Köp;HANSA BIOPHARMA AB;10;17,35;-213;SEK;39;;SEK;SE0002148817;
2014-01-27;Huvudkontot;Köp;FASTILIUM PROPERTY    (F D CHRONTECH);77;0,18;-53;SEK;39;;SEK;SE0001831017;
2014-01-27;Huvudkontot;Insättning;Insättning PENGAR;;;100;SEK;0;;;;
